perfil,lat,lon,x,y,t_ini,t_fin,zona_utm,profundidad,temperatura,pH,DO_SAT,DO,Blue,Chl
1,40.3759781,-3.7046139,77.7197448,-52.15691759999999,167.312,225.851,30.0,-769.718,233.279,657.407,959.416,817.959,381.909,261.874
1,40.3759781,-3.7046139,77.7197448,-52.15691759999999,167.312,225.851,30.0,-772.691,23.322,657.231,957.373,816.307,3.5573,271.249
1,40.3759781,-3.7046139,77.7197448,-52.15691759999999,167.312,225.851,30.0,-765.754,233.238,656.814,95.417,813.548,363.895,247.924
1,40.3759781,-3.7046139,77.7197448,-52.15691759999999,167.312,225.851,30.0,-775.664,233.257,657.387,954.465,813.771,291.948,25.529
1,40.3759781,-3.7046139,77.7197448,-52.15691759999999,167.312,225.851,30.0,-765.754,233.235,656.893,956.693,815.704,371.111,303.697
1,40.3759781,-3.7046139,77.7197448,-52.15691759999999,167.312,225.851,30.0,-763.772,233.057,658.036,957.223,816.249,234.733,253.504
1,40.3759781,-3.7046139,77.7197448,-52.15691759999999,167.312,225.851,30.0,-763.772,233.186,655.824,958.352,817.394,1.2513,282.622
1,40.3759781,-3.7046139,77.7197448,-52.15691759999999,167.312,225.851,30.0,-759.808,233.167,656.979,951.212,811.135,262.066,286.808
1,40.3759781,-3.7046139,77.7197448,-52.15691759999999,167.312,225.851,30.0,-753.862,233.238,656.917,952.573,812.186,358.175,236.693
1,40.3759781,-3.7046139,77.7197448,-52.15691759999999,167.312,225.851,30.0,-760.799,233.121,657.071,950.951,810.983,397.494,328.092
1,40.3759781,-3.7046139,77.7197448,-52.15691759999999,167.312,225.851,30.0,-758.817,233.087,655.143,955.782,815.155,167.114,324.626
1,40.3759781,-3.7046139,77.7197448,-52.15691759999999,167.312,225.851,30.0,-755.844,233.077,656.952,94.899,809.377,184.662,257.211
1,40.3759781,-3.7046139,77.7197448,-52.15691759999999,167.312,225.851,30.0,-764.763,233.228,6.5695,952.006,8.1172,236.235,283.411
1,40.3759781,-3.7046139,77.7197448,-52.15691759999999,167.312,225.851,30.0,-753.862,23.322,657.178,955.889,815.042,315.933,223.727
1,40.3759781,-3.7046139,77.7197448,-52.15691759999999,167.312,225.851,30.0,-758.817,23.313,656.877,949.453,809.692,172.627,272.642
1,40.3759781,-3.7046139,77.7197448,-52.15691759999999,167.312,225.851,30.0,-764.763,233.231,656.883,950.631,810.542,341.964,244.073
1,40.3759781,-3.7046139,77.7197448,-52.15691759999999,167.312,225.851,30.0,-755.844,233.183,6.5685,952.418,8.1214,376.352,275.065
1,40.3759781,-3.7046139,77.7197448,-52.15691759999999,167.312,225.851,30.0,-758.817,233.248,656.887,944.718,805.475,411.508,235.646
1,40.3759781,-3.7046139,77.7197448,-52.15691759999999,167.312,225.851,30.0,-749.898,233.228,656.438,949.914,809.936,358.524,23.435
1,40.3759781,-3.7046139,77.7197448,-52.15691759999999,167.312,225.851,30.0,-756.835,233.107,656.879,945.771,806.587,459.134,293.402
1,40.3759781,-3.7046139,77.7197448,-52.15691759999999,167.312,225.851,30.0,-755.844,233.217,656.975,950.159,810.161,379.954,25.677
1,40.3759781,-3.7046139,77.7197448,-52.15691759999999,167.312,225.851,30.0,-753.862,23.317,656.849,951.868,8.1169,319.797,269.431
1,40.3759781,-3.7046139,77.7197448,-52.15691759999999,167.312,225.851,30.0,-75.188,233.316,656.441,945.576,806.103,560.246,232.849
1,40.3759781,-3.7046139,77.7197448,-52.15691759999999,167.312,225.851,30.0,-749.898,233.161,656.859,948.416,808.761,162.916,288.017
1,40.3759781,-3.7046139,77.7197448,-52.15691759999999,167.312,225.851,30.0,-754.853,233.129,6.5683,944.197,805.212,414.184,228.049
1,40.3759781,-3.7046139,77.7197448,-52.15691759999999,167.312,225.851,30.0,-730.079,233.314,6.5688,945.592,806.262,535.553,180.252
1,40.3759781,-3.7046139,77.7197448,-52.15691759999999,167.312,225.851,30.0,-730.079,233.285,6.5708,939.236,800.744,493.164,239.917
1,40.3759781,-3.7046139,77.7197448,-52.15691759999999,167.312,225.851,30.0,-732.061,233.285,6.5708,939.236,800.744,493.164,239.917
1,40.3759781,-3.7046139,77.7197448,-52.15691759999999,167.312,225.851,30.0,-733.051,233.279,656.864,941.651,802.813,491.622,278.801
1,40.3759781,-3.7046139,77.7197448,-52.15691759999999,167.312,225.851,30.0,-730.079,233.268,656.887,936.029,798.037,569.238,187.921
1,40.3759781,-3.7046139,77.7197448,-52.15691759999999,167.312,225.851,30.0,-732.061,233.214,657.078,940.294,801.755,3.703,349.246
1,40.3759781,-3.7046139,77.7197448,-52.15691759999999,167.312,225.851,30.0,-729.088,233.319,657.156,945.537,806.065,436.821,273.127
1,40.3759781,-3.7046139,77.7197448,-52.15691759999999,167.312,225.851,30.0,-729.088,23.331,656.848,941.343,802.503,354.076,240.302
1,40.3759781,-3.7046139,77.7197448,-52.15691759999999,167.312,225.851,30.0,-725.124,233.371,656.866,941.573,802.606,529.537,261.344
1,40.3759781,-3.7046139,77.7197448,-52.15691759999999,167.312,225.851,30.0,-735.033,233.347,656.686,942.849,803.731,4.1725,236.438
1,40.3759781,-3.7046139,77.7197448,-52.15691759999999,167.312,225.851,30.0,-727.106,233.281,656.774,94.056,801.878,515.179,276.812
1,40.3759781,-3.7046139,77.7197448,-52.15691759999999,167.312,225.851,30.0,-726.115,233.345,656.811,943.432,8.0423,277.212,304.379
1,40.3759781,-3.7046139,77.7197448,-52.15691759999999,167.312,225.851,30.0,-725.124,233.325,656.808,940.073,801.398,478.388,220.823
1,40.3759781,-3.7046139,77.7197448,-52.15691759999999,167.312,225.851,30.0,-728.097,23.332,656.826,940.588,801.844,487.733,207.954
1,40.3759781,-3.7046139,77.7197448,-52.15691759999999,167.312,225.851,30.0,-73.107,233.382,656.821,939.478,800.803,261.037,349.133
1,40.3759781,-3.7046139,77.7197448,-52.15691759999999,167.312,225.851,30.0,-734.042,233.201,656.935,940.575,802.013,632.672,213.532
1,40.3759781,-3.7046139,77.7197448,-52.15691759999999,167.312,225.851,30.0,-73.107,233.341,657.036,945.922,8.0636,492.376,260.595
1,40.3759781,-3.7046139,77.7197448,-52.15691759999999,167.312,225.851,30.0,-722.151,233.372,656.843,940.041,8.013,538.561,246.815
1,40.3759781,-3.7046139,77.7197448,-52.15691759999999,167.312,225.851,30.0,-727.106,233.386,656.876,939.677,800.968,501.187,267.436
1,40.3759781,-3.7046139,77.7197448,-52.15691759999999,167.312,225.851,30.0,-727.106,233.356,655.797,941.016,802.155,482.217,254.055
1,40.3759781,-3.7046139,77.7197448,-52.15691759999999,167.312,225.851,30.0,-723.142,233.407,656.682,941.647,802.615,424.642,296.373
1,40.3759781,-3.7046139,77.7197448,-52.15691759999999,167.312,225.851,30.0,-718.187,233.381,656.768,939.925,801.186,513.259,214.568
1,40.3759781,-3.7046139,77.7197448,-52.15691759999999,167.312,225.851,30.0,-725.124,233.415,6.5683,941.727,802.671,455.771,18.513
1,40.3759781,-3.7046139,77.7197448,-52.15691759999999,167.312,225.851,30.0,-723.142,233.432,6.5784,944.889,8.0534,4.4111,190.153
1,40.3759781,-3.7046139,77.7197448,-52.15691759999999,167.312,225.851,30.0,-728.097,233.459,656.998,NaN,805.027,468.741,238.653
1,40.3759781,-3.7046139,77.7197448,-52.15691759999999,167.312,225.851,30.0,-725.124,233.477,656.897,941.721,802.572,4.2793,244.477
1,40.3759781,-3.7046139,77.7197448,-52.15691759999999,167.312,225.851,30.0,-72.116,23.361,656.901,94.455,804.782,546.843,266.834
1,40.3759781,-3.7046139,77.7197448,-52.15691759999999,167.312,225.851,30.0,-722.151,233.539,656.857,942.818,803.413,552.853,342.401
1,40.3759781,-3.7046139,77.7197448,-52.15691759999999,167.312,225.851,30.0,NaN,233.452,6.5685,938.823,8.2014,421.236,279.406
1,40.3759781,-3.7046139,77.7197448,-52.15691759999999,167.312,225.851,30.0,-719.178,233.381,656.792,942.615,803.479,466.567,276.808
1,40.3759781,-3.7046139,77.7197448,-52.15691759999999,167.312,225.851,30.0,-722.151,233.539,656.882,945.563,805.752,513.134,324.812
1,40.3759781,-3.7046139,77.7197448,-52.15691759999999,167.312,225.851,30.0,-717.196,233.526,656.802,940.088,801.106,398.549,268.443
1,40.3759781,-3.7046139,77.7197448,-52.15691759999999,167.312,225.851,30.0,-726.115,23.354,656.806,944.779,805.082,430.491,278.638
1,40.3759781,-3.7046139,77.7197448,-52.15691759999999,167.312,225.851,30.0,-72.116,233.516,656.853,937.961,799.309,435.471,279.423
1,40.3759781,-3.7046139,77.7197448,-52.15691759999999,167.312,225.851,30.0,-722.151,233.532,6.5679,947.076,807.052,418.304,247.444
1,40.3759781,-3.7046139,77.7197448,-52.15691759999999,167.312,225.851,30.0,-718.187,233.464,656.881,93.801,799.193,392.793,3.367
1,40.3759781,-3.7046139,77.7197448,-52.15691759999999,167.312,225.851,30.0,-718.187,233.622,656.821,941.101,802.063,471.572,26.738
1,40.3759781,-3.7046139,77.7197448,-52.15691759999999,167.312,225.851,30.0,-712.241,233.557,NaN,939.443,800.509,367.749,260.675
1,40.3759781,-3.7046139,77.7197448,-52.15691759999999,167.312,225.851,30.0,-716.205,233.665,6.5682,944.133,804.342,4.8799,239.402
1,40.3759781,-3.7046139,77.7197448,-52.15691759999999,167.312,225.851,30.0,-715.214,23.361,656.845,94.253,8.0306,491.046,310.929
1,40.3759781,-3.7046139,77.7197448,-52.15691759999999,167.312,225.851,30.0,-722.151,233.467,655.958,939.523,800.714,491.195,258.001
1,40.3759781,-3.7046139,77.7197448,-52.15691759999999,167.312,225.851,30.0,-712.241,233.715,6.5656,938.989,799.884,579.475,301.974
1,40.3759781,-3.7046139,77.7197448,-52.15691759999999,167.312,225.851,30.0,-704.313,23.587,656.759,93.944,797.028,426.642,277.624
1,40.3759781,-3.7046139,77.7197448,-52.15691759999999,167.312,225.851,30.0,-706.295,235.886,656.747,937.389,795.264,390.212,270.726
1,40.3759781,-3.7046139,77.7197448,-52.15691759999999,167.312,225.851,30.0,-706.295,235.886,654.804,937.792,795.606,NaN,105.768
1,40.3759781,-3.7046139,77.7197448,-52.15691759999999,167.312,225.851,30.0,-703.322,235.907,656.648,938.082,7.9582,400.913,276.919
1,40.3759781,-3.7046139,77.7197448,-52.15691759999999,167.312,225.851,30.0,-706.295,235.954,656.726,935.861,793.866,503.709,235.027
1,40.3759781,-3.7046139,77.7197448,-52.15691759999999,167.312,225.851,30.0,-703.322,235.985,657.336,934.286,792.484,435.375,200.147
1,40.3759781,-3.7046139,77.7197448,-52.15691759999999,167.312,225.851,30.0,-707.286,235.826,656.877,940.242,797.775,392.648,298.027
1,40.3759781,-3.7046139,77.7197448,-52.15691759999999,167.312,225.851,30.0,-707.286,235.951,656.839,938.193,795.849,454.667,190.926
1,40.3759781,-3.7046139,77.7197448,-52.15691759999999,167.312,225.851,30.0,-713.232,236.124,656.842,938.834,796.134,608.381,225.564
1,40.3759781,-3.7046139,77.7197448,-52.15691759999999,167.312,225.851,30.0,-71.125,23.6,6.5679,93.825,795.824,498.982,266.623
1,40.3759781,-3.7046139,77.7197448,-52.15691759999999,167.312,225.851,30.0,-709.268,236.034,656.761,939.062,796.461,4.8321,287.444
1,40.3759781,-3.7046139,77.7197448,-52.15691759999999,167.312,225.851,30.0,-708.277,236.124,656.807,942.339,799.106,544.535,254.546
1,40.3759781,-3.7046139,77.7197448,-52.15691759999999,167.312,225.851,30.0,-706.295,236.087,656.762,936.482,794.195,391.852,224.281
1,40.3759781,-3.7046139,77.7197448,-52.15691759999999,167.312,225.851,30.0,-705.304,236.007,656.725,939.394,796.784,5.5139,304.525
1,40.3759781,-3.7046139,77.7197448,-52.15691759999999,167.312,225.851,30.0,-708.277,23.614,6.5675,942.619,7.9932,463.953,265.085
1,40.3759781,-3.7046139,77.7197448,-52.15691759999999,167.312,225.851,30.0,-704.313,236.068,656.756,936.583,794.118,4.2973,276.263
1,40.3759781,-3.7046139,77.7197448,-52.15691759999999,167.312,225.851,30.0,-709.268,236.149,656.792,934.932,792.908,388.271,300.158
1,40.3759781,-3.7046139,77.7197448,-52.15691759999999,167.312,225.851,30.0,-710.259,236.146,656.757,93.353,NaN,486.917,22.977
1,40.3759781,-3.7046139,77.7197448,-52.15691759999999,167.312,225.851,30.0,-715.214,236.164,656.776,940.229,797.256,398.594,307.457
1,40.3759781,-3.7046139,77.7197448,-52.15691759999999,167.312,225.851,30.0,-710.259,236.144,656.758,934.323,792.278,553.044,240.322
1,40.3759781,-3.7046139,77.7197448,-52.15691759999999,167.312,225.851,30.0,-700.349,236.194,656.768,938.579,795.813,489.833,268.479
1,40.3759781,-3.7046139,77.7197448,-52.15691759999999,167.312,225.851,30.0,-710.259,236.315,656.709,935.523,793.042,3.8456,302.914
1,40.3759781,-3.7046139,77.7197448,-52.15691759999999,167.312,225.851,30.0,-71.125,236.234,656.706,936.974,794.392,2.9546,270.172
1,40.3759781,-3.7046139,77.7197448,-52.15691759999999,167.312,225.851,30.0,-71.125,236.087,656.743,943.004,799.726,404.144,226.541
1,40.3759781,-3.7046139,77.7197448,-52.15691759999999,167.312,225.851,30.0,-71.125,23.627,656.771,936.377,793.833,548.792,326.177
1,40.3759781,-3.7046139,77.7197448,-52.15691759999999,167.312,225.851,30.0,-707.286,236.607,656.712,936.065,793.065,462.417,287.423
1,40.3759781,-3.7046139,77.7197448,-52.15691759999999,167.312,225.851,30.0,-706.295,236.548,656.771,935.408,792.597,445.676,261.028
1,40.3759781,-3.7046139,77.7197448,-52.15691759999999,167.312,225.851,30.0,-707.286,236.669,656.745,939.136,795.574,487.249,336.219
1,40.3759781,-3.7046139,77.7197448,-52.15691759999999,167.312,225.851,30.0,-708.277,236.579,656.533,933.063,790.564,399.091,290.091
1,40.3759781,-3.7046139,77.7197448,-52.15691759999999,167.312,225.851,30.0,NaN,23.665,656.678,938.579,NaN,422.558,238.845
1,40.3759781,-3.7046139,77.7197448,-52.15691759999999,167.312,225.851,30.0,-708.277,236.714,656.572,937.176,793.847,447.679,212.208
1,40.3759781,-3.7046139,77.7197448,-52.15691759999999,167.312,225.851,30.0,-702.331,236.802,656.838,935.553,792.341,474.739,214.288
1,40.3759781,-3.7046139,77.7197448,-52.15691759999999,167.312,225.851,30.0,-713.232,236.884,656.789,937.657,794.001,6.2634,279.603
1,40.3759781,-3.7046139,77.7197448,-52.15691759999999,167.312,225.851,30.0,-703.322,236.808,656.723,934.277,791.252,484.103,272.871
1,40.3759781,-3.7046139,77.7197448,-52.15691759999999,167.312,225.851,30.0,-710.259,23.688,656.693,936.706,793.202,390.407,262.306
1,40.3759781,-3.7046139,77.7197448,-52.15691759999999,167.312,225.851,30.0,-706.295,236.836,656.722,936.762,793.315,373.978,275.486
1,40.3759781,-3.7046139,77.7197448,-52.15691759999999,167.312,225.851,30.0,-713.232,236.827,664.796,940.756,796.632,542.558,278.518
1,40.3759781,-3.7046139,77.7197448,-52.15691759999999,167.312,225.851,30.0,-702.331,236.827,664.796,935.539,792.293,458.502,242.001
1,40.3759781,-3.7046139,77.7197448,-52.15691759999999,167.312,225.851,30.0,-710.259,236.925,656.576,935.274,NaN,NaN,195.625
1,40.3759781,-3.7046139,77.7197448,-52.15691759999999,167.312,225.851,30.0,-708.277,236.966,6.5676,936.431,7.9284,481.284,221.998
1,40.3759781,-3.7046139,77.7197448,-52.15691759999999,167.312,225.851,30.0,-709.268,237.098,656.966,938.548,794.437,426.568,28.709
1,40.3759781,-3.7046139,77.7197448,-52.15691759999999,167.312,225.851,30.0,-704.313,237.031,656.474,936.096,7.9246,528.688,271.121
1,40.3759781,-3.7046139,77.7197448,-52.15691759999999,167.312,225.851,30.0,-707.286,237.022,656.144,934.875,7.9144,322.447,172.349
1,40.3759781,-3.7046139,77.7197448,-52.15691759999999,167.312,225.851,30.0,-708.277,237.124,656.836,934.135,790.662,439.714,158.624
1,40.3759781,-3.7046139,77.7197448,-52.15691759999999,167.312,225.851,30.0,NaN,NaN,656.454,941.436,796.925,359.025,273.584
1,40.3759781,-3.7046139,77.7197448,-52.15691759999999,167.312,225.851,30.0,-700.349,237.056,657.152,935.771,792.148,407.674,356.482
1,40.3759781,-3.7046139,77.7197448,-52.15691759999999,167.312,225.851,30.0,-705.304,237.038,656.271,932.286,789.226,636.781,230.576
1,40.3759781,-3.7046139,77.7197448,-52.15691759999999,167.312,225.851,30.0,-706.295,237.078,657.308,933.751,7.9047,402.325,219.331
1,40.3759781,-3.7046139,77.7197448,-52.15691759999999,167.312,225.851,30.0,-710.259,237.061,656.923,935.797,793.993,424.494,177.022
1,40.3759781,-3.7046139,77.7197448,-52.15691759999999,167.312,225.851,30.0,-704.313,237.143,656.896,935.106,791.457,489.847,253.347
1,40.3759781,-3.7046139,77.7197448,-52.15691759999999,167.312,225.851,30.0,-708.277,237.171,656.747,938.855,794.588,5.0739,218.378
1,40.3759781,-3.7046139,77.7197448,-52.15691759999999,167.312,225.851,30.0,-708.277,237.165,656.777,93.43,790.742,507.089,23.574
1,40.3759781,-3.7046139,77.7197448,-52.15691759999999,167.312,225.851,30.0,-706.295,237.109,656.741,934.992,7.9141,430.145,285.003
1,40.3759781,-3.7046139,77.7197448,-52.15691759999999,167.312,225.851,30.0,-710.259,237.254,6.5681,937.272,793.124,415.041,223.573
1,40.3759781,-3.7046139,77.7197448,-52.15691759999999,167.312,225.851,30.0,-706.295,237.146,656.746,940.889,796.347,472.891,276.654
1,40.3759781,-3.7046139,77.7197448,-52.15691759999999,167.312,225.851,30.0,-708.277,237.315,6.5672,93.358,7.8991,4.6647,NaN
1,40.3759781,-3.7046139,77.7197448,-52.15691759999999,167.312,225.851,30.0,-704.313,237.208,6.5674,936.424,792.475,440.161,252.987
1,40.3759781,-3.7046139,77.7197448,-52.15691759999999,167.312,225.851,30.0,-704.313,237.282,656.725,934.554,790.783,464.046,187.676
1,40.3759781,-3.7046139,77.7197448,-52.15691759999999,167.312,225.851,30.0,-705.304,237.261,6.5672,935.537,791.647,474.153,192.649
1,40.3759781,-3.7046139,77.7197448,-52.15691759999999,167.312,225.851,30.0,-710.259,237.279,656.713,93.675,792.646,506.771,219.447
1,40.3759781,-3.7046139,77.7197448,-52.15691759999999,167.312,225.851,30.0,-706.295,237.294,656.721,94.002,7.9539,477.617,275.437
1,40.3759781,-3.7046139,77.7197448,-52.15691759999999,167.312,225.851,30.0,-707.286,23.722,NaN,935.332,791.533,397.224,228.527
1,40.3759781,-3.7046139,77.7197448,-52.15691759999999,167.312,225.851,30.0,-705.304,237.196,656.684,93.753,7.9343,492.492,281.942
1,40.3759781,-3.7046139,77.7197448,-52.15691759999999,167.312,225.851,30.0,-712.241,23.722,656.701,937.817,793.635,472.801,173.117
1,40.3759781,-3.7046139,77.7197448,-52.15691759999999,167.312,225.851,30.0,-709.268,237.316,656.714,933.035,789.447,485.589,254.484
1,40.3759781,-3.7046139,77.7197448,-52.15691759999999,167.312,225.851,30.0,-708.277,237.352,656.701,932.559,788.991,358.186,262.625
1,40.3759781,-3.7046139,77.7197448,-52.15691759999999,167.312,225.851,30.0,-709.268,237.323,656.721,93.318,7.8956,367.961,273.793
1,40.3759781,-3.7046139,77.7197448,-52.15691759999999,167.312,225.851,30.0,-71.125,23.745,6.5667,934.252,790.279,536.043,190.548
1,40.3759781,-3.7046139,77.7197448,-52.15691759999999,167.312,225.851,30.0,-708.277,23.748,656.695,932.764,788.974,528.317,238.505
1,40.3759781,-3.7046139,77.7197448,-52.15691759999999,167.312,225.851,30.0,-707.286,237.419,656.701,932.326,788.695,368.204,181.912
1,40.3759781,-3.7046139,77.7197448,-52.15691759999999,167.312,225.851,30.0,-708.277,237.372,656.637,937.709,793.318,485.037,276.146
1,40.3759781,-3.7046139,77.7197448,-52.15691759999999,167.312,225.851,30.0,-702.331,237.462,656.485,939.146,794.401,482.887,284.784
1,40.3759781,-3.7046139,77.7197448,-52.15691759999999,167.312,225.851,30.0,-706.295,237.607,6.5665,932.267,788.367,4.417,232.765
1,40.3759781,-3.7046139,77.7197448,-52.15691759999999,167.312,225.851,30.0,-708.277,237.398,657.022,NaN,791.229,422.965,266.482
1,40.3759781,-3.7046139,77.7197448,-52.15691759999999,167.312,225.851,30.0,-704.313,237.428,656.837,933.477,789.656,522.842,257.974
1,40.3759781,-3.7046139,77.7197448,-52.15691759999999,167.312,225.851,30.0,-708.277,237.488,656.802,935.159,790.989,502.258,33.881
1,40.3759781,-3.7046139,77.7197448,-52.15691759999999,167.312,225.851,30.0,-706.295,237.431,6.5673,937.613,7.9315,3.0965,234.417
1,40.3759781,-3.7046139,77.7197448,-52.15691759999999,167.312,225.851,30.0,-702.331,237.536,655.636,933.403,789.433,5.3275,291.061
1,40.3759781,-3.7046139,77.7197448,-52.15691759999999,167.312,225.851,30.0,-700.349,237.408,653.488,936.551,792.286,707.988,195.805
1,40.3759781,-3.7046139,77.7197448,-52.15691759999999,167.312,225.851,30.0,-702.331,237.502,656.321,934.623,790.515,508.948,313.165
1,40.3759781,-3.7046139,77.7197448,-52.15691759999999,167.312,225.851,30.0,-70.134,237.443,6.5646,933.567,789.709,558.218,324.462
1,40.3759781,-3.7046139,77.7197448,-52.15691759999999,167.312,225.851,30.0,-707.286,237.482,656.565,938.934,794.192,433.715,23.064
1,40.3759781,-3.7046139,77.7197448,-52.15691759999999,167.312,225.851,30.0,-702.331,237.657,6.5664,935.964,7.9142,514.016,261.939
1,40.3759781,-3.7046139,77.7197448,-52.15691759999999,167.312,225.851,30.0,NaN,237.487,6.5925,932.246,788.527,4.8848,265.285
1,40.3759781,-3.7046139,77.7197448,-52.15691759999999,167.312,225.851,30.0,NaN,NaN,NaN,NaN,NaN,NaN,NaN
1,40.3759781,-3.7046139,77.7197448,-52.15691759999999,167.312,225.851,30.0,NaN,NaN,NaN,NaN,NaN,NaN,NaN
1,40.3759781,-3.7046139,77.7197448,-52.15691759999999,167.312,225.851,30.0,NaN,NaN,NaN,NaN,NaN,NaN,NaN
1,40.3759781,-3.7046139,77.7197448,-52.15691759999999,167.312,225.851,30.0,NaN,NaN,NaN,NaN,NaN,NaN,NaN
1,40.3759781,-3.7046139,77.7197448,-52.15691759999999,167.312,225.851,30.0,NaN,NaN,NaN,NaN,NaN,NaN,NaN
1,40.3759781,-3.7046139,77.7197448,-52.15691759999999,167.312,225.851,30.0,NaN,NaN,NaN,NaN,NaN,NaN,NaN
1,40.3759781,-3.7046139,77.7197448,-52.15691759999999,167.312,225.851,30.0,NaN,NaN,NaN,NaN,NaN,NaN,NaN
1,40.3759781,-3.7046139,77.7197448,-52.15691759999999,167.312,225.851,30.0,NaN,NaN,NaN,NaN,NaN,NaN,NaN
1,40.3759781,-3.7046139,77.7197448,-52.15691759999999,167.312,225.851,30.0,NaN,NaN,NaN,NaN,NaN,NaN,NaN
1,40.3759781,-3.7046139,77.7197448,-52.15691759999999,167.312,225.851,30.0,NaN,NaN,NaN,NaN,NaN,NaN,NaN
1,40.3759781,-3.7046139,77.7197448,-52.15691759999999,167.312,225.851,30.0,NaN,NaN,NaN,NaN,NaN,NaN,NaN
1,40.3759781,-3.7046139,77.7197448,-52.15691759999999,167.312,225.851,30.0,NaN,NaN,NaN,NaN,NaN,NaN,NaN
1,40.3759781,-3.7046139,77.7197448,-52.15691759999999,167.312,225.851,30.0,NaN,NaN,NaN,NaN,NaN,NaN,NaN
1,40.3759781,-3.7046139,77.7197448,-52.15691759999999,167.312,225.851,30.0,NaN,NaN,NaN,NaN,NaN,NaN,NaN
1,40.3759781,-3.7046139,77.7197448,-52.15691759999999,167.312,225.851,30.0,NaN,NaN,NaN,NaN,NaN,NaN,NaN
2,40.3757146,-3.7046287,48.4185885,-88.36050599999999,446.413,505.922,30.0,NaN,NaN,NaN,NaN,NaN,NaN,NaN
2,40.3757146,-3.7046287,48.4185885,-88.36050599999999,446.413,505.922,30.0,NaN,NaN,NaN,NaN,NaN,NaN,NaN
2,40.3757146,-3.7046287,48.4185885,-88.36050599999999,446.413,505.922,30.0,NaN,NaN,NaN,NaN,NaN,NaN,NaN
2,40.3757146,-3.7046287,48.4185885,-88.36050599999999,446.413,505.922,30.0,NaN,NaN,NaN,NaN,NaN,NaN,NaN
2,40.3757146,-3.7046287,48.4185885,-88.36050599999999,446.413,505.922,30.0,NaN,NaN,NaN,NaN,NaN,NaN,NaN
2,40.3757146,-3.7046287,48.4185885,-88.36050599999999,446.413,505.922,30.0,NaN,NaN,NaN,NaN,NaN,NaN,NaN
2,40.3757146,-3.7046287,48.4185885,-88.36050599999999,446.413,505.922,30.0,NaN,NaN,NaN,NaN,NaN,NaN,NaN
2,40.3757146,-3.7046287,48.4185885,-88.36050599999999,446.413,505.922,30.0,NaN,NaN,NaN,NaN,NaN,NaN,NaN
2,40.3757146,-3.7046287,48.4185885,-88.36050599999999,446.413,505.922,30.0,NaN,NaN,NaN,NaN,NaN,NaN,NaN
2,40.3757146,-3.7046287,48.4185885,-88.36050599999999,446.413,505.922,30.0,NaN,NaN,NaN,NaN,NaN,NaN,NaN
2,40.3757146,-3.7046287,48.4185885,-88.36050599999999,446.413,505.922,30.0,NaN,NaN,NaN,NaN,NaN,NaN,NaN
2,40.3757146,-3.7046287,48.4185885,-88.36050599999999,446.413,505.922,30.0,NaN,NaN,NaN,NaN,NaN,NaN,NaN
2,40.3757146,-3.7046287,48.4185885,-88.36050599999999,446.413,505.922,30.0,NaN,NaN,NaN,NaN,NaN,NaN,NaN
2,40.3757146,-3.7046287,48.4185885,-88.36050599999999,446.413,505.922,30.0,NaN,NaN,NaN,NaN,NaN,NaN,NaN
2,40.3757146,-3.7046287,48.4185885,-88.36050599999999,446.413,505.922,30.0,NaN,NaN,NaN,NaN,NaN,NaN,NaN
2,40.3757146,-3.7046287,48.4185885,-88.36050599999999,446.413,505.922,30.0,NaN,NaN,NaN,NaN,NaN,NaN,NaN
2,40.3757146,-3.7046287,48.4185885,-88.36050599999999,446.413,505.922,30.0,NaN,NaN,NaN,NaN,NaN,NaN,NaN
2,40.3757146,-3.7046287,48.4185885,-88.36050599999999,446.413,505.922,30.0,NaN,NaN,NaN,NaN,NaN,NaN,NaN
2,40.3757146,-3.7046287,48.4185885,-88.36050599999999,446.413,505.922,30.0,NaN,NaN,NaN,NaN,NaN,NaN,NaN
2,40.3757146,-3.7046287,48.4185885,-88.36050599999999,446.413,505.922,30.0,NaN,NaN,NaN,NaN,NaN,NaN,NaN
2,40.3757146,-3.7046287,48.4185885,-88.36050599999999,446.413,505.922,30.0,NaN,NaN,NaN,NaN,NaN,NaN,NaN
2,40.3757146,-3.7046287,48.4185885,-88.36050599999999,446.413,505.922,30.0,NaN,NaN,NaN,NaN,NaN,NaN,NaN
2,40.3757146,-3.7046287,48.4185885,-88.36050599999999,446.413,505.922,30.0,NaN,NaN,NaN,NaN,NaN,NaN,NaN
2,40.3757146,-3.7046287,48.4185885,-88.36050599999999,446.413,505.922,30.0,NaN,NaN,NaN,NaN,NaN,NaN,NaN
2,40.3757146,-3.7046287,48.4185885,-88.36050599999999,446.413,505.922,30.0,NaN,NaN,NaN,NaN,NaN,NaN,NaN
2,40.3757146,-3.7046287,48.4185885,-88.36050599999999,446.413,505.922,30.0,NaN,NaN,NaN,NaN,NaN,NaN,NaN
2,40.3757146,-3.7046287,48.4185885,-88.36050599999999,446.413,505.922,30.0,NaN,NaN,NaN,NaN,NaN,NaN,NaN
2,40.3757146,-3.7046287,48.4185885,-88.36050599999999,446.413,505.922,30.0,NaN,0.0,0.0,0.0,0.0,0.0,0.0
2,40.3757146,-3.7046287,48.4185885,-88.36050599999999,446.413,505.922,30.0,-694.403,337.557,662.454,967.078,686.265,0.0,NaN
2,40.3757146,-3.7046287,48.4185885,-88.36050599999999,446.413,505.922,30.0,-692.421,249.798,657.077,967.558,7.9988,2.6374,206.701
2,40.3757146,-3.7046287,48.4185885,-88.36050599999999,446.413,505.922,30.0,-69.143,24.97,6.57,97.033,802.316,357.414,326.087
2,40.3757146,-3.7046287,48.4185885,-88.36050599999999,446.413,505.922,30.0,-694.403,249.636,656.806,971.252,803.173,276.522,234.233
2,40.3757146,-3.7046287,48.4185885,-88.36050599999999,446.413,505.922,30.0,-693.412,249.745,656.772,97.224,803.828,349.763,284.186
2,40.3757146,-3.7046287,48.4185885,-88.36050599999999,446.413,505.922,30.0,-698.367,249.711,656.695,965.046,797.931,133.071,270.987
2,40.3757146,-3.7046287,48.4185885,-88.36050599999999,446.413,505.922,30.0,-695.394,249.695,656.873,963.772,7.969,315.884,215.458
2,40.3757146,-3.7046287,48.4185885,-88.36050599999999,446.413,505.922,30.0,-700.349,249.674,656.618,966.339,799.055,350.873,205.678
2,40.3757146,-3.7046287,48.4185885,-88.36050599999999,446.413,505.922,30.0,-704.313,249.779,656.386,965.458,798.172,328.376,311.468
2,40.3757146,-3.7046287,48.4185885,-88.36050599999999,446.413,505.922,30.0,-69.143,249.816,656.469,970.156,802.001,452.704,298.329
2,40.3757146,-3.7046287,48.4185885,-88.36050599999999,446.413,505.922,30.0,-69.143,24.977,656.619,966.508,799.053,297.823,244.849
2,40.3757146,-3.7046287,48.4185885,-88.36050599999999,446.413,505.922,30.0,-695.394,249.745,656.591,963.658,796.733,314.592,178.597
2,40.3757146,-3.7046287,48.4185885,-88.36050599999999,446.413,505.922,30.0,-69.143,249.726,656.574,968.628,8.1987,3.3529,256.936
2,40.3757146,-3.7046287,48.4185885,-88.36050599999999,446.413,505.922,30.0,-694.403,249.661,656.568,960.269,794.054,543.347,245.894
2,40.3757146,-3.7046287,48.4185885,-88.36050599999999,446.413,505.922,30.0,-686.476,249.658,6.57,962.821,796.169,369.678,302.383
2,40.3757146,-3.7046287,48.4185885,-88.36050599999999,446.413,505.922,30.0,-686.476,249.661,650.592,968.888,801.181,331.422,211.081
2,40.3757146,-3.7046287,48.4185885,-88.36050599999999,446.413,505.922,30.0,-688.457,249.618,656.413,961.134,794.833,359.899,244.111
2,40.3757146,-3.7046287,48.4185885,-88.36050599999999,446.413,505.922,30.0,NaN,244.915,671.606,965.226,805.189,6.5042,866.309
2,40.3757146,-3.7046287,48.4185885,-88.36050599999999,446.413,505.922,30.0,-637.918,244.831,671.333,96.77,807.378,5.0372,961.387
2,40.3757146,-3.7046287,48.4185885,-88.36050599999999,446.413,505.922,30.0,-640.891,244.981,672.013,969.711,8.0883,591.864,923.707
2,40.3757146,-3.7046287,48.4185885,-88.36050599999999,446.413,505.922,30.0,-646.836,244.933,671.588,965.918,805.738,609.175,112.071
2,40.3757146,-3.7046287,48.4185885,-88.36050599999999,446.413,505.922,30.0,-646.836,244.964,671.689,967.832,807.288,608.649,163.952
2,40.3757146,-3.7046287,48.4185885,-88.36050599999999,446.413,505.922,30.0,-636.927,244.858,6.7149,969.161,808.557,722.501,186.385
2,40.3757146,-3.7046287,48.4185885,-88.36050599999999,446.413,505.922,30.0,-636.927,245.083,672.776,965.426,805.103,730.773,196.391
2,40.3757146,-3.7046287,48.4185885,-88.36050599999999,446.413,505.922,30.0,-632.963,245.035,670.471,967.646,807.027,7.9493,186.987
2,40.3757146,-3.7046287,48.4185885,-88.36050599999999,446.413,505.922,30.0,-643.863,245.035,671.298,96.53,8.0507,813.704,184.853
2,40.3757146,-3.7046287,48.4185885,-88.36050599999999,446.413,505.922,30.0,-634.945,245.164,6.7099,96.836,8.0743,822.996,181.391
2,40.3757146,-3.7046287,48.4185885,-88.36050599999999,446.413,505.922,30.0,-642.873,245.054,669.205,963.971,803.934,496.148,193.195
2,40.3757146,-3.7046287,48.4185885,-88.36050599999999,446.413,505.922,30.0,-635.936,245.201,672.946,967.678,806.805,754.433,110.983
2,40.3757146,-3.7046287,48.4185885,-88.36050599999999,446.413,505.922,30.0,-641.882,24.509,670.351,969.127,8.0818,433.777,986.365
2,40.3757146,-3.7046287,48.4185885,-88.36050599999999,446.413,505.922,30.0,-6.399,24.524,671.372,962.727,802.551,758.762,150.524
2,40.3757146,-3.7046287,48.4185885,-88.36050599999999,446.413,505.922,30.0,-644.854,245.274,670.744,970.701,809.267,730.162,153.013
2,40.3757146,-3.7046287,48.4185885,-88.36050599999999,446.413,505.922,30.0,NaN,245.358,670.442,962.815,802.518,882.711,148.677
2,40.3757146,-3.7046287,48.4185885,-88.36050599999999,446.413,505.922,30.0,-638.909,245.357,670.667,967.549,806.464,749.522,112.272
2,40.3757146,-3.7046287,48.4185885,-88.36050599999999,446.413,505.922,30.0,-642.873,245.476,670.283,967.524,806.265,443.571,103.485
2,40.3757146,-3.7046287,48.4185885,-88.36050599999999,446.413,505.922,30.0,-637.918,24.545,670.033,967.949,806.658,630.792,967.389
2,40.3757146,-3.7046287,48.4185885,-88.36050599999999,446.413,505.922,30.0,-635.936,245.435,669.952,96.392,803.324,461.076,107.118
2,40.3757146,-3.7046287,48.4185885,-88.36050599999999,446.413,505.922,30.0,-641.882,245.472,670.803,969.577,807.983,6.952,967.297
2,40.3757146,-3.7046287,48.4185885,-88.36050599999999,446.413,505.922,30.0,-6.399,245.534,6.6967,968.707,807.165,628.755,926.322
2,40.3757146,-3.7046287,48.4185885,-88.36050599999999,446.413,505.922,30.0,-642.873,245.531,6.662,965.225,804.268,486.173,994.903
2,40.3757146,-3.7046287,48.4185885,-88.36050599999999,446.413,505.922,30.0,-642.873,245.649,664.381,965.504,804.325,5.5581,101.142
2,40.3757146,-3.7046287,48.4185885,-88.36050599999999,446.413,505.922,30.0,-636.927,245.748,665.436,964.641,803.458,6.2596,100.888
2,40.3757146,-3.7046287,48.4185885,-88.36050599999999,446.413,505.922,30.0,-636.927,245.717,665.722,966.096,804.716,530.578,958.847
2,40.3757146,-3.7046287,48.4185885,-88.36050599999999,446.413,505.922,30.0,-641.882,245.867,664.803,966.997,805.243,299.302,947.615
2,40.3757146,-3.7046287,48.4185885,-88.36050599999999,446.413,505.922,30.0,-644.854,245.885,667.201,962.556,801.518,624.544,923.657
2,40.3757146,-3.7046287,48.4185885,-88.36050599999999,446.413,505.922,30.0,-635.936,245.927,665.984,967.047,805.194,713.951,980.978
2,40.3757146,-3.7046287,48.4185885,-88.36050599999999,446.413,505.922,30.0,-6.399,245.822,663.712,962.479,801.547,NaN,902.038
2,40.3757146,-3.7046287,48.4185885,-88.36050599999999,446.413,505.922,30.0,-636.927,246.014,665.507,965.322,803.629,498.403,892.968
2,40.3757146,-3.7046287,48.4185885,-88.36050599999999,446.413,505.922,30.0,-645.845,245.971,664.486,964.575,803.072,658.546,981.087
2,40.3757146,-3.7046287,48.4185885,-88.36050599999999,446.413,505.922,30.0,-637.918,245.998,664.878,964.448,802.925,4.4087,102.668
2,40.3757146,-3.7046287,48.4185885,-88.36050599999999,446.413,505.922,30.0,-637.918,246.059,666.739,962.723,801.399,567.511,103.568
2,40.3757146,-3.7046287,48.4185885,-88.36050599999999,446.413,505.922,30.0,-647.827,246.172,665.241,961.916,800.779,481.605,929.427
2,40.3757146,-3.7046287,48.4185885,-88.36050599999999,446.413,505.922,30.0,-640.891,246.172,665.241,960.276,799.195,587.651,978.234
2,40.3757146,-3.7046287,48.4185885,-88.36050599999999,446.413,505.922,30.0,-634.945,NaN,666.681,962.184,800.894,481.721,104.083
2,40.3757146,-3.7046287,48.4185885,-88.36050599999999,446.413,505.922,30.0,-648.818,246.189,664.817,96.43,802.518,544.825,954.128
2,40.3757146,-3.7046287,48.4185885,-88.36050599999999,446.413,505.922,30.0,-641.882,246.257,6.6451,965.621,803.516,513.817,956.903
2,40.3757146,-3.7046287,48.4185885,-88.36050599999999,446.413,505.922,30.0,-642.873,246.262,664.018,962.758,801.127,505.852,895.961
2,40.3757146,-3.7046287,48.4185885,-88.36050599999999,446.413,505.922,30.0,NaN,246.325,662.627,959.492,798.315,565.105,906.062
2,40.3757146,-3.7046287,48.4185885,-88.36050599999999,446.413,505.922,30.0,-643.863,246.255,662.067,961.349,799.965,712.164,921.932
2,40.3757146,-3.7046287,48.4185885,-88.36050599999999,446.413,505.922,30.0,-641.882,246.378,663.247,965.817,8.035,523.413,86.496
2,40.3757146,-3.7046287,48.4185885,-88.36050599999999,446.413,505.922,30.0,-643.863,246.364,666.869,966.981,804.489,5.0481,977.135
2,40.3757146,-3.7046287,48.4185885,-88.36050599999999,446.413,505.922,30.0,-648.818,246.293,666.531,963.809,801.956,548.912,967.369
2,40.3757146,-3.7046287,48.4185885,-88.36050599999999,446.413,505.922,30.0,-643.863,246.327,665.239,964.602,802.565,669.346,99.271
2,40.3757146,-3.7046287,48.4185885,-88.36050599999999,446.413,505.922,30.0,-636.927,NaN,663.069,96.538,803.267,649.686,879.215
2,40.3757146,-3.7046287,48.4185885,-88.36050599999999,446.413,505.922,30.0,-632.963,246.359,667.927,96.251,800.776,623.009,965.058
2,40.3757146,-3.7046287,48.4185885,-88.36050599999999,446.413,505.922,30.0,NaN,246.342,666.793,962.259,800.592,593.028,940.725
2,40.3757146,-3.7046287,48.4185885,-88.36050599999999,446.413,505.922,30.0,-644.854,24.63,669.899,NaN,806.682,450.755,102.495
2,40.3757146,-3.7046287,48.4185885,-88.36050599999999,446.413,505.922,30.0,-640.891,246.268,669.642,966.685,804.385,453.929,937.925
2,40.3757146,-3.7046287,48.4185885,-88.36050599999999,446.413,505.922,30.0,-644.854,246.299,669.179,966.907,804.525,526.167,870.188
2,40.3757146,-3.7046287,48.4185885,-88.36050599999999,446.413,505.922,30.0,-644.854,246.299,6.665,96.678,804.419,476.027,984.395
2,40.3757146,-3.7046287,48.4185885,-88.36050599999999,446.413,505.922,30.0,-644.854,246.351,669.457,966.346,803.979,426.674,887.026
2,40.3757146,-3.7046287,48.4185885,-88.36050599999999,446.413,505.922,30.0,-644.854,24.636,6.7045,967.431,804.868,408.496,NaN
2,40.3757146,-3.7046287,48.4185885,-88.36050599999999,446.413,505.922,30.0,-643.863,24.639,668.709,960.926,799.412,335.705,965.681
2,40.3757146,-3.7046287,48.4185885,-88.36050599999999,446.413,505.922,30.0,-646.836,246.443,669.661,965.635,803.252,451.766,909.265
2,40.3757146,-3.7046287,48.4185885,-88.36050599999999,446.413,505.922,30.0,-641.882,246.467,669.283,962.873,800.918,678.233,87.709
2,40.3757146,-3.7046287,48.4185885,-88.36050599999999,446.413,505.922,30.0,-645.845,24.646,663.968,963.257,801.248,3.6102,553.589
2,40.3757146,-3.7046287,48.4185885,-88.36050599999999,446.413,505.922,30.0,-633.954,246.534,667.554,961.597,799.758,676.675,702.843
2,40.3757146,-3.7046287,48.4185885,-88.36050599999999,446.413,505.922,30.0,-645.845,246.522,666.208,95.91,797.699,258.853,648.748
2,40.3757146,-3.7046287,48.4185885,-88.36050599999999,446.413,505.922,30.0,-640.891,246.577,664.042,960.901,799.115,362.608,860.991
2,40.3757146,-3.7046287,48.4185885,-88.36050599999999,446.413,505.922,30.0,-646.836,246.704,667.514,961.579,799.491,240.686,133.942
2,40.3757146,-3.7046287,48.4185885,-88.36050599999999,446.413,505.922,30.0,-645.845,246.779,666.794,957.767,796.212,540.029,148.537
2,40.3757146,-3.7046287,48.4185885,-88.36050599999999,446.413,505.922,30.0,-640.891,246.776,626.903,963.965,801.369,425.642,132.633
2,40.3757146,-3.7046287,48.4185885,-88.36050599999999,446.413,505.922,30.0,-613.143,246.852,644.347,104.666,869.996,0.0,0.0
2,40.3757146,-3.7046287,48.4185885,-88.36050599999999,446.413,505.922,30.0,-604.224,247.129,679.209,111.686,9.2787,365.516,0.0
2,40.3757146,-3.7046287,48.4185885,-88.36050599999999,446.413,505.922,30.0,-596.297,247.305,694.695,117.03,9.7195,0.0,0.0
2,40.3757146,-3.7046287,48.4185885,-88.36050599999999,446.413,505.922,30.0,-593.324,247.463,707.465,121.533,10.0905,574.513,0.0
2,40.3757146,-3.7046287,48.4185885,-88.36050599999999,446.413,505.922,30.0,-591.342,247.466,703.415,122.984,10.211,481.248,0.0
2,40.3757146,-3.7046287,48.4185885,-88.36050599999999,446.413,505.922,30.0,-592.333,247.513,700.758,124.609,10.3449,777.747,0.0
2,40.3757146,-3.7046287,48.4185885,-88.36050599999999,446.413,505.922,30.0,-588.369,247.472,705.359,126.057,10.4643,573.461,0.0
2,40.3757146,-3.7046287,48.4185885,-88.36050599999999,446.413,505.922,30.0,-57.945,247.531,708.208,127.971,10.6248,134.578,0.0
2,40.3757146,-3.7046287,48.4185885,-88.36050599999999,446.413,505.922,30.0,-578.459,247.575,704.851,128.511,10.6677,820.152,0.0
2,40.3757146,-3.7046287,48.4185885,-88.36050599999999,446.413,505.922,30.0,-582.423,247.554,706.973,128.447,10.6627,0.0,0.0
2,40.3757146,-3.7046287,48.4185885,-88.36050599999999,446.413,505.922,30.0,-583.414,24.759,711.029,130.336,10.8189,239.174,0.0
2,40.3757146,-3.7046287,48.4185885,-88.36050599999999,446.413,505.922,30.0,-577.468,247.578,712.852,NaN,10.8028,0.0,0.0
2,40.3757146,-3.7046287,48.4185885,-88.36050599999999,446.413,505.922,30.0,-576.477,247.655,712.214,130.439,10.8261,409.493,0.0
2,40.3757146,-3.7046287,48.4185885,-88.36050599999999,446.413,505.922,30.0,-576.477,247.562,709.762,130.056,10.7962,116.834,0.0
2,40.3757146,-3.7046287,48.4185885,-88.36050599999999,446.413,505.922,30.0,-576.477,247.599,711.084,128.704,10.6832,436.664,0.0
2,40.3757146,-3.7046287,48.4185885,-88.36050599999999,446.413,505.922,30.0,-578.459,247.653,701.306,128.623,10.6754,777.699,0.0
2,40.3757146,-3.7046287,48.4185885,-88.36050599999999,446.413,505.922,30.0,-565.576,247.503,706.347,127.763,10.607,152.594,0.0
2,40.3757146,-3.7046287,48.4185885,-88.36050599999999,446.413,505.922,30.0,-568.549,247.692,705.252,126.485,10.4972,0.0,0.0
2,40.3757146,-3.7046287,48.4185885,-88.36050599999999,446.413,505.922,30.0,-567.558,247.503,7.01,126.235,NaN,537.187,0.0
2,40.3757146,-3.7046287,48.4185885,-88.36050599999999,446.413,505.922,30.0,-563.594,247.601,7.014,129.676,10.7638,460.248,0.0
2,40.3757146,-3.7046287,48.4185885,-88.36050599999999,446.413,505.922,30.0,-563.594,247.575,700.166,127.611,10.593,514.702,0.0
2,40.3757146,-3.7046287,48.4185885,-88.36050599999999,446.413,505.922,30.0,-567.558,247.602,702.514,128.533,10.6689,993.244,0.0
2,40.3757146,-3.7046287,48.4185885,-88.36050599999999,446.413,505.922,30.0,-55.963,247.584,702.784,127.224,10.5606,0.0,0.0
2,40.3757146,-3.7046287,48.4185885,-88.36050599999999,446.413,505.922,30.0,-570.531,247.615,7.0274,127.252,10.5624,651.742,0.0
2,40.3757146,-3.7046287,48.4185885,-88.36050599999999,446.413,505.922,30.0,-52.891,247.483,702.897,126.918,10.5373,512.501,0.0
2,40.3757146,-3.7046287,48.4185885,-88.36050599999999,446.413,505.922,30.0,-572.513,247.604,698.845,125.91,10.4512,NaN,0.0
2,40.3757146,-3.7046287,48.4185885,-88.36050599999999,446.413,505.922,30.0,-56.954,247.473,701.056,125.835,10.4475,177.989,0.0
2,40.3757146,-3.7046287,48.4185885,-88.36050599999999,446.413,505.922,30.0,-573.504,247.462,701.109,124.151,10.3079,0.0,0.0
2,40.3757146,-3.7046287,48.4185885,-88.36050599999999,446.413,505.922,30.0,-566.567,247.437,700.996,124.082,10.3026,1.6068,0.0
2,40.3757146,-3.7046287,48.4185885,-88.36050599999999,446.413,505.922,30.0,-567.558,247.488,699.213,123.122,10.222,137.221,0.0
2,40.3757146,-3.7046287,48.4185885,-88.36050599999999,446.413,505.922,30.0,-566.567,247.361,696.449,122.633,10.1838,597.804,0.0
2,40.3757146,-3.7046287,48.4185885,-88.36050599999999,446.413,505.922,30.0,-568.549,247.321,698.519,121.851,10.1196,0.0,0.0
2,40.3757146,-3.7046287,48.4185885,-88.36050599999999,446.413,505.922,30.0,-55.963,247.392,696.725,120.846,10.0348,140.415,0.0
2,40.3757146,-3.7046287,48.4185885,-88.36050599999999,446.413,505.922,30.0,-561.612,247.362,700.931,123.05,10.2184,0.0,0.0
2,40.3757146,-3.7046287,48.4185885,-88.36050599999999,446.413,505.922,30.0,-562.603,247.417,701.429,123.953,10.2924,779.775,0.0
2,40.3757146,-3.7046287,48.4185885,-88.36050599999999,446.413,505.922,30.0,-55.963,247.376,700.438,125.268,10.4023,479.703,0.0
2,40.3757146,-3.7046287,48.4185885,-88.36050599999999,446.413,505.922,30.0,-561.612,247.333,698.572,123.495,10.2559,0.0,0.0
2,40.3757146,-3.7046287,48.4185885,-88.36050599999999,446.413,505.922,30.0,-563.594,247.347,699.436,123.127,10.225,104.828,0.0
2,40.3757146,-3.7046287,48.4185885,-88.36050599999999,446.413,505.922,30.0,-558.639,NaN,699.092,123.367,10.2463,221.542,0.0
2,40.3757146,-3.7046287,48.4185885,-88.36050599999999,446.413,505.922,30.0,-556.657,247.274,699.251,123.497,10.2571,0.0,0.0
2,40.3757146,-3.7046287,48.4185885,-88.36050599999999,446.413,505.922,30.0,-555.666,247.351,699.685,122.715,10.1907,183.684,0.0
2,40.3757146,-3.7046287,48.4185885,-88.36050599999999,446.413,505.922,30.0,-557.648,247.333,699.288,121.406,10.0824,289.099,0.0
2,40.3757146,-3.7046287,48.4185885,-88.36050599999999,446.413,505.922,30.0,-55.963,247.367,697.917,121.49,10.0888,42.088,0.0
2,40.3757146,-3.7046287,48.4185885,-88.36050599999999,446.413,505.922,30.0,-558.639,247.225,6.9938,121.34,NaN,0.0,0.0
2,40.3757146,-3.7046287,48.4185885,-88.36050599999999,446.413,505.922,30.0,-54.873,247.291,699.295,120.568,10.0136,0.0,0.0
2,40.3757146,-3.7046287,48.4185885,-88.36050599999999,446.413,505.922,30.0,-54.873,247.177,698.758,119.639,993.496,944.466,0.0
2,40.3757146,-3.7046287,48.4185885,-88.36050599999999,446.413,505.922,30.0,-546.748,247.299,700.276,119.359,991.383,230.071,NaN
2,40.3757146,-3.7046287,48.4185885,-88.36050599999999,446.413,505.922,30.0,-54.873,NaN,700.061,118.698,985.821,809.902,0.0
2,40.3757146,-3.7046287,48.4185885,-88.36050599999999,446.413,505.922,30.0,-551.703,247.276,7.0113,117.035,972.039,156.778,0.0
2,40.3757146,-3.7046287,48.4185885,-88.36050599999999,446.413,505.922,30.0,-544.766,247.386,700.158,117.684,977.234,235.415,0.0
2,40.3757146,-3.7046287,48.4185885,-88.36050599999999,446.413,505.922,30.0,-549.721,247.339,6.9984,117.7,977.453,1.1928,0.0
2,40.3757146,-3.7046287,48.4185885,-88.36050599999999,446.413,505.922,30.0,-546.748,247.271,700.151,117.419,975.243,306.795,0.0
2,40.3757146,-3.7046287,48.4185885,-88.36050599999999,446.413,505.922,30.0,-545.757,247.243,699.623,116.28,965.834,133.489,0.0
2,40.3757146,-3.7046287,48.4185885,-88.36050599999999,446.413,505.922,30.0,-552.694,247.333,699.931,115.894,962.467,332.936,0.0
2,40.3757146,-3.7046287,48.4185885,-88.36050599999999,446.413,505.922,30.0,-546.748,247.373,699.914,116.766,969.631,132.924,0.0
2,40.3757146,-3.7046287,48.4185885,-88.36050599999999,446.413,505.922,30.0,-54.873,24.726,6.9926,115.974,963.256,737.931,0.0
2,40.3757146,-3.7046287,48.4185885,-88.36050599999999,446.413,505.922,30.0,-544.766,247.246,699.771,116.686,969.199,974.215,0.0
2,40.3757146,-3.7046287,48.4185885,-88.36050599999999,446.413,505.922,30.0,-550.712,247.297,699.823,116.218,965.214,127.407,0.0
2,40.3757146,-3.7046287,48.4185885,-88.36050599999999,446.413,505.922,30.0,-586.387,24.724,700.011,116.107,9.644,151.331,0.0
2,40.3757146,-3.7046287,48.4185885,-88.36050599999999,446.413,505.922,30.0,-558.639,247.252,700.288,116.338,966.295,186.839,0.0
2,40.3757146,-3.7046287,48.4185885,-88.36050599999999,446.413,505.922,30.0,-567.558,247.302,7.0315,117.727,NaN,104.424,0.0
