fecha utc,t_x,x,t_y,y,t_lat,lat,t_lon,lon,t_utm_zone,utm_zone,t_u,u_raw,t_v,v_raw,t_du,du_raw,t_dv,dv_raw,t_orientacion,orientacion_raw,t_theta,theta,t_T_L,throttle_L,t_T_R,throttle_R,t_Ah,Ah,t_static_control,static_control,Profundidad,Temperatura,pH,DO_SAT,DO,Blue,Chl
2014-05-24 23:59:41,3.461,0.0,3.461,0.0,3.46,39.7947345,3.46,-4.0836998,3.224,30.0,3.461,0.0,3.461,0.0,3.461,0.011719199999999999,3.461,0.0332044,3.144,1.570796,3.461,0.0,3.063,0.0,3.063,0.0,4.267,0.0,3.745,0.0,Null,Null,Null,Null,Null,Null,Null
2014-05-24 23:59:41,3.461,0.0,3.461,-0.0195315,3.585,39.7947346,3.585,-4.0836998,3.465,30.0,3.461,0.0,3.461,0.0,3.461,0.011719199999999999,3.461,0.0332044,3.144,1.570796,3.461,0.0,3.545,0.0,3.545,0.0,4.267,0.0,3.745,0.0,Null,Null,Null,Null,Null,Null,Null
2014-05-24 23:59:41,3.665,-0.0078126,3.665,-0.0195315,3.946,39.7947346,3.946,-4.0836999,3.705,30.0,3.665,0.0,3.665,0.0,3.665,-0.029298,3.665,0.0224618,3.665,1.570796,3.665,0.0,3.545,0.0,3.545,0.0,4.267,0.0,3.745,0.0,Null,Null,Null,Null,Null,Null,Null
2014-05-24 23:59:41,4.027,-0.0078126,4.027,-0.0195315,4.308,39.7947345,4.308,-4.0836999,4.227,30.0,4.027,0.0,4.027,0.0,4.027,-0.04883,4.027,0.0371108,4.147,1.570796,4.027,0.0,4.067,0.0,4.067,0.0,4.267,0.0,3.745,0.0,Null,Null,Null,Null,Null,Null,Null
2014-05-24 23:59:41,4.388,-0.0078126,4.388,-0.0195315,4.669,39.7947346,4.669,-4.0836998,4.468,30.0,4.388,0.0,4.388,0.0,4.388,0.0185554,4.388,-0.0859408,4.668,1.570942,4.388,0.0,4.549,4212.0,4.549,-4213.0,4.267,0.0,3.745,0.0,Null,Null,Null,Null,Null,Null,Null
2014-05-24 23:59:41,4.709,-0.0078126,4.709,-0.0078126,4.99,39.7947345,4.99,-4.0836998,4.99,30.0,4.709,0.0,4.709,0.0,4.709,0.058596,4.709,0.0507832,4.668,1.570942,4.709,0.0,4.549,4212.0,4.549,-4213.0,4.267,0.0,4.749,0.0,Null,Null,Null,Null,Null,Null,Null
2014-05-24 23:59:41,5.071,-0.0078126,5.071,-0.0078126,5.351,39.7947346,5.351,-4.0836996999999995,5.231,30.0,5.071,0.0,5.071,0.0,5.071,0.1377006,5.071,-0.0312512,5.151,1.572965,5.071,0.0,5.07,4187.0,5.07,-4230.0,4.267,0.0,4.749,0.0,Null,Null,Null,Null,Null,Null,Null
2014-05-24 23:59:41,5.432,-0.0078126,5.432,0.0,5.712,39.7947345,5.712,-4.0836996999999995,5.472,30.0,5.432,0.0,5.432,0.0,5.432,-0.0429704,5.432,-0.0556662,5.632,1.576611,5.432,0.0,5.553,4164.0,5.553,-4234.0,4.267,0.0,4.749,0.0,Null,Null,Null,Null,Null,Null,Null
2014-05-24 23:59:41,5.753,-0.0078126,5.753,0.0,6.034,39.7947346,6.034,-4.0836996,5.953,30.0,5.753,0.0,5.753,0.0,5.753,0.0156256,5.753,0.0029297999999999998,5.632,1.576611,5.753,0.0,6.034,4145.0,6.034,-4229.0,4.267,0.0,5.753,0.0,Null,Null,Null,Null,Null,Null,Null
2014-05-24 23:59:41,6.114,-0.0078126,6.114,0.0,6.395,39.7947345,6.395,-4.0836995,6.234,30.0,6.114,0.0,6.114,0.0099598,6.114,-0.0722684,6.114,-0.1103558,6.154,1.581231,6.114,0.0,6.034,4145.0,6.034,-4229.0,4.267,0.0,5.753,0.0,Null,Null,Null,Null,Null,Null,Null
2014-05-24 23:59:41,6.476,0.0,6.476,0.0195315,6.756,39.7947345,6.756,-4.0836993999999995,6.716,30.0,6.476,0.0,6.476,0.0099598,6.476,0.0068362,6.476,-0.0449236,6.636,1.586427,6.476,0.0,6.556,4127.0,6.556,-4219.0,4.267,0.0,6.756,0.0,Null,Null,Null,Null,Null,Null,Null
2014-05-24 23:59:41,6.836,-0.0078126,6.836,0.027344099999999996,7.117,39.7947346,7.117,-4.0836993,6.957,30.0,6.836,0.0,6.836,0.0099598,6.836,0.0253916,6.836,-0.112309,6.636,1.586427,6.836,0.0,7.037,4110.0,7.037,-4206.0,4.267,0.0,6.756,0.0,Null,Null,Null,Null,Null,Null,Null
2014-05-24 23:59:41,7.157,-0.0078126,7.157,0.039063,7.439,39.7947345,7.439,-4.0836992,7.238,30.0,7.157,0.0,7.157,0.0099598,7.157,0.0185554,7.157,-0.0078128,7.157,1.591959,7.157,0.0,7.037,4110.0,7.037,-4206.0,4.267,0.0,6.756,0.0,Null,Null,Null,Null,Null,Null,Null
2014-05-24 23:59:41,7.519,-0.0078126,7.519,0.046875599999999996,7.8,39.7947345,7.8,-4.0836991,7.719,30.0,7.519,0.0,7.519,0.0099598,7.519,0.0078128,7.519,0.07519819999999999,7.639,1.597679,7.519,0.0,7.559,4093.0,7.559,-4191.0,4.267,0.0,7.759,0.0,Null,Null,Null,Null,Null,Null,Null
2014-05-24 23:59:41,7.88,-0.0078126,7.88,0.046875599999999996,8.161,39.7947345,8.161,-4.083699,7.96,30.0,7.88,0.0,7.88,0.0099598,7.88,0.0019532,7.88,-0.0693386,8.161,1.603498,7.88,0.0,8.041,4076.0,8.041,-4174.0,4.267,0.0,7.759,0.0,Null,Null,Null,Null,Null,Null,Null
2014-05-24 23:59:41,8.201,-0.0078126,8.201,0.0664071,8.483,39.7947346,8.483,-4.0836989,8.482,30.0,8.201,0.0,8.201,0.0099598,8.201,-0.0400406,8.201,-0.0898472,8.161,1.603498,8.201,0.0,8.041,4076.0,8.041,-4174.0,4.267,0.0,7.759,0.0,Null,Null,Null,Null,Null,Null,Null
2014-05-24 23:59:41,8.563,-0.0078126,8.563,0.0664071,8.844,39.7947345,8.844,-4.0836988,8.723,30.0,8.563,0.0,8.563,0.0099598,8.563,0.0058595999999999995,8.563,-0.059572599999999996,8.643,1.609362,8.563,0.0,8.563,4060.0,8.563,-4158.0,8.763,0.0,8.764,0.0,Null,Null,Null,Null,Null,Null,Null
2014-05-24 23:59:41,8.924,-0.0078126,8.924,0.078126,9.205,39.7947345,9.205,-4.0836988,9.205,30.0,8.924,0.0,8.924,0.0099598,8.924,0.0058595999999999995,8.924,-0.0644556,9.164,1.615237,8.924,0.0,9.044,4043.0,9.044,-4141.0,8.763,0.0,8.764,0.0,Null,Null,Null,Null,Null,Null,Null
2014-05-24 23:59:41,9.285,-0.0078126,9.285,0.08984489999999999,9.567,39.7947345,9.567,-4.0836986,9.486,30.0,9.285,0.0,9.285,0.0099598,9.285,-0.0410172,9.285,-0.0888706,9.164,1.615237,9.285,0.0,9.566,4026.0,9.566,-4123.0,8.763,0.0,8.764,0.0,Null,Null,Null,Null,Null,Null,Null
2014-05-24 23:59:41,9.606,-0.0078126,9.606,0.0976575,9.888,39.7947346,9.888,-4.0836985,9.727,30.0,9.606,0.0,9.606,0.0099598,9.606,0.0361342,9.606,0.0380874,9.646,1.621104,9.606,0.0,9.566,4026.0,9.566,-4123.0,8.763,0.0,9.767,0.0,Null,Null,Null,Null,Null,Null,Null
2014-05-24 23:59:41,9.968,-0.0078126,9.968,0.0976575,10.25,39.7947345,10.25,-4.083698399999999,10.209,30.0,9.968,0.0,9.968,0.0099598,9.968,0.014649,9.968,-0.0214852,10.169,1.626949,9.968,0.0,10.048,4009.0,10.048,-4106.0,8.763,0.0,9.767,0.0,Null,Null,Null,Null,Null,Null,Null
2014-05-24 23:59:41,10.329,-0.0078126,10.329,0.10937639999999998,10.611,39.7947345,10.611,-4.0836983,10.49,30.0,10.329,0.0,10.329,0.0099598,10.329,0.0605492,10.329,0.0136724,10.169,1.626949,10.329,0.0,10.531,3992.0,10.531,-4088.0,8.763,0.0,9.767,0.0,Null,Null,Null,Null,Null,Null,Null
2014-05-24 23:59:41,10.651,-0.0078126,10.651,0.11718899999999999,10.932,39.7947345,10.932,-4.0836982,10.731,30.0,10.651,0.0,10.651,0.0099598,10.651,0.0849642,10.651,-0.039064,10.651,1.632767,10.651,0.0,10.531,3992.0,10.531,-4088.0,8.763,0.0,10.732,0.0,Null,Null,Null,Null,Null,Null,Null
2014-05-24 23:59:41,11.012,-0.0078126,11.012,0.1289079,11.293,39.7947345,11.293,-4.083698099999999,11.212,30.0,11.012,0.0,11.012,0.0099598,11.012,0.0107426,11.012,-0.0351576,11.132,1.638551,11.012,0.0,11.052,3975.0,11.052,-4071.0,8.763,0.0,10.732,0.0,Null,Null,Null,Null,Null,Null,Null
2014-05-24 23:59:41,11.373,-0.0078126,11.373,0.1367205,11.654,39.7947345,11.654,-4.083698,11.453,30.0,11.373,0.0,11.373,0.0099598,11.373,-0.0175788,11.373,0.0224618,11.654,1.6443,11.373,0.0,11.534,3958.0,11.534,-4053.0,8.763,0.0,10.732,0.0,Null,Null,Null,Null,Null,Null,Null
2014-05-24 23:59:41,11.735,-0.0195315,11.735,0.1484394,12.015,39.7947345,12.015,-4.083698,11.975,30.0,11.735,0.0,11.735,0.0099598,11.735,0.0712918,11.735,0.0947302,11.654,1.6443,11.735,0.0,11.534,3958.0,11.534,-4053.0,8.763,0.0,11.735,0.0,Null,Null,Null,Null,Null,Null,Null
2014-05-24 23:59:41,12.056,-0.0195315,12.056,0.156252,12.337,39.7947345,12.337,-4.0836977999999995,12.216,30.0,12.056,0.0,12.056,0.0099598,12.056,-0.0273448,12.056,-0.0810578,12.136,1.650013,12.056,0.0,12.056,3941.0,12.056,-4035.0,8.763,0.0,11.735,0.0,Null,Null,Null,Null,Null,Null,Null
2014-05-24 23:59:41,12.417,-0.0195315,12.417,0.16797089999999998,12.698,39.7947345,12.698,-4.0836977999999995,12.457,30.0,12.417,0.0,12.417,0.0099598,12.417,-0.0068362,12.417,0.0644556,12.658,1.655687,12.417,0.0,12.538,3924.0,12.538,-4017.0,8.763,0.0,11.735,0.0,Null,Null,Null,Null,Null,Null,Null
2014-05-24 23:59:41,12.778,-0.0195315,12.778,0.16797089999999998,13.06,39.7947345,13.06,-4.0836977,12.979,30.0,12.778,0.0,12.778,0.0099598,12.778,0.0253916,12.778,-0.0459002,12.658,1.655687,12.778,0.0,13.059,3907.0,13.059,-4000.0,8.763,0.0,12.738,0.0,Null,Null,Null,Null,Null,Null,Null
2014-05-24 23:59:41,13.139,-0.0195315,13.139,0.17968979999999998,13.38,39.7947345,13.38,-4.0836976,13.22,30.0,13.139,0.0,13.139,0.0099598,13.139,-0.0371108,13.139,-0.0058595999999999995,13.14,1.661323,13.139,0.0,13.059,3907.0,13.059,-4000.0,13.26,0.0,12.738,0.0,Null,Null,Null,Null,Null,Null,Null
2014-05-24 23:59:41,13.461,-0.0195315,13.461,0.18750239999999999,13.742,39.7947345,13.742,-4.0836974999999995,13.702,30.0,13.461,0.0,13.461,0.0099598,13.461,0.0576194,13.461,-0.009766,13.661,1.66692,13.461,0.0,13.541,3890.0,13.541,-3982.0,13.26,0.0,13.742,0.0,Null,Null,Null,Null,Null,Null,Null
2014-05-24 23:59:41,13.822,-0.0195315,13.822,0.1992213,14.103,39.7947345,14.103,-4.0836974,13.983,30.0,13.822,0.0,13.822,0.0099598,13.822,0.0019532,13.822,-0.0429704,13.661,1.66692,13.822,0.0,14.063,3873.0,14.063,-3964.0,13.26,0.0,13.742,0.0,Null,Null,Null,Null,Null,Null,Null
2014-05-24 23:59:41,14.183,-0.0195315,14.183,0.1992213,14.465,39.7947345,14.465,-4.0836973,14.465,30.0,14.183,0.0,14.183,0.0099598,14.183,-0.009766,14.183,-0.023438399999999998,14.143,1.672479,14.183,0.0,14.063,3873.0,14.063,-3964.0,13.26,0.0,13.742,0.0,Null,Null,Null,Null,Null,Null,Null
2014-05-24 23:59:41,14.507,-0.0195315,14.507,0.2070339,14.786,39.7947345,14.786,-4.0836972,14.706,30.0,14.507,0.0,14.507,0.0099598,14.507,0.0361342,14.507,-0.0302746,14.665,1.677999,14.507,0.0,14.545,3856.0,14.545,-3946.0,13.26,0.0,14.746,0.0,Null,Null,Null,Null,Null,Null,Null
2014-05-24 23:59:41,14.866,-0.0195315,14.866,0.23828429999999998,15.148,39.794734399999996,15.148,-4.0836968,14.987,30.0,14.866,0.0,14.866,0.0398449,14.866,0.0136724,14.866,-0.063479,15.147,1.684088,14.866,-4.397998224292252,15.067,7022.0,15.067,-747.0,13.26,0.0,14.746,0.0,Null,Null,Null,Null,Null,Null,Null
2014-05-24 23:59:41,15.228,-0.0195315,15.228,0.3085977,15.509,39.794734399999996,15.509,-4.0836963,15.47,30.0,15.228,-0.0099598,15.228,0.1294983,15.228,0.0351576,15.228,0.0478534,15.147,1.684088,15.228,-5.710214431524424,15.067,7022.0,15.067,-747.0,13.26,0.0,14.746,0.0,Null,Null,Null,Null,Null,Null,Null
2014-05-24 23:59:41,15.589,-0.027344099999999996,15.589,0.37891109999999995,15.83,39.794734299999995,15.83,-4.0836952,15.71,30.0,15.589,-0.0199215,15.589,0.1992283,15.589,0.0410172,15.589,0.0273448,15.669,1.691561,15.589,-6.842549328900164,15.55,7210.0,15.55,-515.0,13.26,0.0,15.75,0.0,Null,Null,Null,Null,Null,Null,Null
2014-05-24 23:59:41,15.91,-0.027344099999999996,15.91,0.4882875,16.192,39.7947342,16.192,-4.0836942,15.951,30.0,15.91,-0.0298832,15.91,0.2490349,15.91,-0.0673854,15.91,0.004883,16.151,1.700063,15.91,-5.71037673483446,16.031,7412.0,16.031,-260.0,13.26,0.0,15.75,0.0,Null,Null,Null,Null,Null,Null,Null
2014-05-24 23:59:41,16.272,-0.058594499999999994,16.272,0.5898513,16.554,39.7947341,16.554,-4.0836928,16.473,30.0,16.272,-0.0298832,16.272,0.2988434,16.272,-0.0371108,16.272,0.0507832,16.151,1.700063,16.272,-7.124848220946374,16.553,4976.0,16.553,2647.0,13.26,0.0,15.75,0.0,Null,Null,Null,Null,Null,Null,Null
2014-05-24 23:59:41,16.633,-0.058594499999999994,16.633,0.7070403,16.914,39.7947339,16.914,-4.0836916,16.714,30.0,16.633,-0.0398449,16.633,0.3187668,16.633,0.0400406,16.633,0.0205086,16.634,1.709189,16.633,-7.5944763416417,16.553,4976.0,16.553,2647.0,13.26,0.0,16.754,0.0,Null,Null,Null,Null,Null,Null,Null
2014-05-24 23:59:41,16.955,-0.078126,16.955,0.7968852,17.236,39.794733799999996,17.236,-4.0836901999999995,17.235,30.0,16.955,-0.0398449,16.955,0.2988434,16.955,0.0644556,16.955,0.0869174,17.155,1.716567,16.955,-7.5944763416417,17.035,5427.0,17.035,2945.0,13.26,0.0,16.754,0.0,Null,Null,Null,Null,Null,Null,Null
2014-05-24 23:59:41,17.316,-0.078126,17.316,0.9179805,17.596,39.794733699999995,17.596,-4.0836891,17.476,30.0,17.316,-0.0398449,17.316,0.2988434,17.316,0.0312512,17.316,0.0224618,17.155,1.716567,17.316,-9.162225127285861,17.557,5836.0,17.557,3223.0,13.26,0.0,16.754,0.0,Null,Null,Null,Null,Null,Null,Null
2014-05-24 23:59:41,17.677,-0.10937639999999998,17.677,1.0195443,17.957,39.7947335,17.957,-4.0836877,17.717,30.0,17.677,-0.0498066,17.677,0.3088051,17.677,0.0459002,17.677,-0.0185554,17.636,1.722456,17.677,-8.88053413640982,17.557,5836.0,17.557,3223.0,17.757,0.0,17.757,0.0,Null,Null,Null,Null,Null,Null,Null
2014-05-24 23:59:41,18.038,-0.11718899999999999,18.038,1.1484522,18.318,39.7947334,18.318,-4.0836865,18.238,30.0,18.038,-0.0498066,18.038,0.3187668,18.038,0.0380874,18.038,-0.0664088,18.157,1.727658,18.038,-6.709706264183516,18.039,6205.0,18.039,3463.0,17.757,0.0,17.757,0.0,Null,Null,Null,Null,Null,Null,Null
2014-05-24 23:59:41,18.358,-0.1367205,18.358,1.2695474999999998,18.639,39.794733199999996,18.639,-4.0836849,18.478,30.0,18.358,-0.0398449,18.358,0.3386883,18.358,-0.011719199999999999,18.358,0.004883,18.639,1.732667,18.358,-9.462272981252603,18.559,6549.0,18.559,3667.0,17.757,0.0,17.757,0.0,Null,Null,Null,Null,Null,Null,Null
2014-05-24 23:59:41,18.719,-0.156252,18.719,1.4179868999999998,19.0,39.794733099999995,19.0,-4.0836835,18.959,30.0,18.719,-0.0597683,18.719,0.3586117,18.719,0.0449236,18.719,-0.0126958,18.639,1.732667,18.719,-8.972567542849982,18.559,6549.0,18.559,3667.0,17.757,0.0,18.759,0.0,Null,Null,Null,Null,Null,Null,Null
2014-05-24 23:59:41,19.08,-0.18750239999999999,19.08,1.5390822,19.36,39.7947328,19.36,-4.0836817,19.24,30.0,19.08,-0.0597683,19.08,0.3785351,19.08,0.0849642,19.08,-0.0205086,19.16,1.737795,19.08,-9.926212370465532,19.041,6873.0,19.041,3835.0,17.757,0.0,18.759,0.0,Null,Null,Null,Null,Null,Null,Null
2014-05-24 23:59:41,19.4,-0.1992213,19.4,1.7070530999999998,19.681,39.794732599999996,19.681,-4.0836802,19.481,30.0,19.4,-0.06973,19.4,0.3984585,19.4,-0.011719199999999999,19.4,0.04883,19.641,1.743251,19.4,-9.246106987742614,19.561,7182.0,19.561,3971.0,17.757,0.0,18.759,0.0,Null,Null,Null,Null,Null,Null,Null
2014-05-24 23:59:41,19.762,-0.22656539999999997,19.762,1.8398672999999999,20.043,39.7947324,20.043,-4.0836781,19.962,30.0,19.762,-0.06973,19.762,0.4283417,19.762,-0.0136724,19.762,-0.0166022,19.641,1.743251,19.762,-9.86581696906977,20.042,7477.0,20.042,4076.0,17.757,0.0,19.761,0.0,Null,Null,Null,Null,Null,Null,Null
2014-05-24 23:59:41,20.122,-0.2500032,20.122,2.0273697,20.403,39.7947321,20.403,-4.0836764,20.202,30.0,20.122,-0.0796917,20.122,0.4582268,20.122,0.014649,20.122,0.009766,20.162,1.74918,20.122,-10.407557205942913,20.042,7477.0,20.042,4076.0,17.757,0.0,19.761,0.0,Null,Null,Null,Null,Null,Null,Null
2014-05-24 23:59:41,20.484,-0.27734729999999996,20.484,2.1797153999999996,20.766,39.7947318,20.766,-4.0836741,20.724,30.0,20.484,-0.0896515,20.484,0.48811,20.484,0.1425836,20.484,0.0507832,20.644,1.75568,20.484,-10.203817058058556,20.564,7637.0,20.564,4029.0,17.757,0.0,20.764,0.0,Null,Null,Null,Null,Null,Null,Null
2014-05-24 23:59:41,20.805,-0.3085977,20.805,2.3984682,21.086,39.7947316,21.086,-4.0836722,20.965,30.0,20.805,-0.0896515,20.805,0.4980717,20.805,-0.0478534,20.805,-0.0400406,20.644,1.75568,20.805,-9.819139754780752,21.045,7703.0,21.045,3861.0,17.757,0.0,20.764,0.0,Null,Null,Null,Null,Null,Null,Null
2014-05-24 23:59:41,21.166,-0.3476607,21.166,2.5586265,21.447,39.7947312,21.447,-4.0836698,21.206,30.0,21.166,-0.0896515,21.166,0.5179951,21.166,-0.029298,21.166,-0.0771514,21.166,1.762723,21.166,-10.885394542714408,21.045,7703.0,21.045,3861.0,17.757,0.0,20.764,0.0,Null,Null,Null,Null,Null,Null,Null
2014-05-24 23:59:41,21.528,-0.36719219999999997,21.528,2.7695667,21.808,39.7947309,21.808,-4.0836679,21.728,30.0,21.528,-0.0996132,21.528,0.5179951,21.528,-0.0625024,21.528,-0.0322278,21.648,1.770267,21.528,-11.725003850785694,21.568,7791.0,21.568,3709.0,17.757,0.0,21.768,0.0,Null,Null,Null,Null,Null,Null,Null
2014-05-24 23:59:41,21.888,-0.41797409999999996,21.888,2.929725,22.169,39.7947306,22.169,-4.0836653,21.968,30.0,21.888,-0.1095749,21.888,0.5279568,21.888,0.0761748,21.888,-0.1162154,22.168,1.778303,21.888,-11.513719634227076,22.048,7885.0,22.048,3569.0,17.757,0.0,21.768,0.0,Null,Null,Null,Null,Null,Null,Null
2014-05-24 23:59:41,22.209,-0.44922449999999997,22.209,3.1562903999999996,22.49,39.7947303,22.49,-4.0836634,22.49,30.0,22.209,-0.1095749,22.209,0.5379185,22.209,0.0253916,22.209,0.0126958,22.168,1.778303,22.209,-11.513719634227076,22.048,7885.0,22.048,3569.0,22.249,0.0,21.768,0.0,Null,Null,Null,Null,Null,Null,Null
2014-05-24 23:59:41,22.571,-0.4882875,22.571,3.3281675999999996,22.851,39.7947299,22.851,-4.0836608,22.731,30.0,22.571,-0.1095749,22.571,0.5379185,22.571,0.0224618,22.571,0.0791046,22.651,1.786824,22.571,-11.309817841269819,22.571,7980.0,22.571,3437.0,22.249,0.0,22.731,0.0,Null,Null,Null,Null,Null,Null,Null
2014-05-24 23:59:41,22.932,-0.5273504999999999,22.932,3.5469204,23.213,39.794729499999995,23.213,-4.0836588,22.972,30.0,22.932,-0.1095749,22.932,0.5478802,22.932,-0.0068362,22.932,0.023438399999999998,23.132,1.795823,22.932,-12.307926156222301,23.052,8071.0,23.052,3312.0,22.249,0.0,22.731,0.0,Null,Null,Null,Null,Null,Null,Null
2014-05-24 23:59:41,23.253,-0.5781324,23.253,3.7187976,23.535,39.7947291,23.535,-4.0836562,23.453,30.0,23.253,-0.1195366,23.253,0.5478802,23.253,0.011719199999999999,23.253,0.0966834,23.132,1.795823,23.253,-13.069248457662043,23.535,8156.0,23.535,3195.0,22.249,0.0,22.731,0.0,Null,Null,Null,Null,Null,Null,Null
2014-05-24 23:59:41,23.614,-0.6093828,23.614,3.9375503999999997,23.895,39.7947288,23.895,-4.0836542,23.735,30.0,23.614,-0.1294983,23.614,0.5578419,23.614,-0.0263682,23.614,0.0019532,23.654,1.805285,23.614,-13.069248457662043,23.535,8156.0,23.535,3195.0,22.249,0.0,23.735,0.0,Null,Null,Null,Null,Null,Null,Null
2014-05-24 23:59:41,23.976,-0.6679773,23.976,4.128959099999999,24.256,39.794728299999996,24.256,-4.0836515,24.216,30.0,23.976,-0.1294983,23.976,0.5578419,23.976,-0.0205086,23.976,-0.019532,24.136,1.815194,23.976,-12.847672885790566,24.056,8236.0,24.056,3085.0,22.249,0.0,23.735,0.0,Null,Null,Null,Null,Null,Null,Null
2014-05-24 23:59:41,24.336,-0.7070403,24.336,4.359430799999999,24.617,39.7947279,24.617,-4.0836494,24.457,30.0,24.336,-0.1294983,24.336,0.5678017,24.336,-0.0322278,24.336,0.0615258,24.136,1.815194,24.336,-13.799479051551799,24.538,8311.0,24.538,2981.0,22.249,0.0,23.735,0.0,Null,Null,Null,Null,Null,Null,Null
2014-05-24 23:59:41,24.658,-0.7578221999999999,24.658,4.5274016999999995,24.939,39.7947274,24.939,-4.0836467,24.738,30.0,24.658,-0.13946,24.658,0.5678017,24.658,-0.0566428,24.658,0.0996132,24.657,1.825527,24.658,-14.743581710985664,24.538,8311.0,24.538,2981.0,22.249,0.0,24.738,0.0,Null,Null,Null,Null,Null,Null,Null
2014-05-24 23:59:41,25.021,-0.7968852,25.021,4.769592299999999,25.3,39.794727,25.3,-4.0836445999999995,25.22,30.0,25.021,-0.1494217,25.021,0.5678017,25.021,0.0166022,25.021,-0.0371108,25.139,1.836263,25.021,-14.500178946368056,25.059,8380.0,25.059,2885.0,22.249,0.0,24.738,0.0,Null,Null,Null,Null,Null,Null,Null
2014-05-24 23:59:41,25.38,-0.8671985999999999,25.38,4.9375632,25.662,39.794726499999996,25.662,-4.0836419,25.461,30.0,25.38,-0.1494217,25.38,0.5777634,25.38,0.0175788,25.38,0.0205086,25.662,1.847376,25.38,-14.500178946368056,25.542,8443.0,25.542,2795.0,22.249,0.0,24.738,0.0,Null,Null,Null,Null,Null,Null,Null
2014-05-24 23:59:41,25.702,-0.9062615999999999,25.702,5.179753799999999,25.984,39.794726,25.984,-4.083639799999999,25.983,30.0,25.702,-0.1494217,25.702,0.5777634,25.702,-0.0087894,25.702,0.0380874,25.662,1.847376,25.702,-15.422197545273947,25.542,8443.0,25.542,2795.0,22.249,0.0,25.742,0.0,Null,Null,Null,Null,Null,Null,Null
2014-05-24 23:59:41,26.064,-0.9687623999999999,26.064,5.3477247,26.345,39.7947254,26.345,-4.0836369999999995,26.224,30.0,26.064,-0.1593834,26.064,0.5777634,26.064,0.019532,26.064,0.0410172,26.144,1.858842,26.064,-15.422197545273947,26.064,8501.0,26.064,2712.0,22.249,0.0,25.742,0.0,Null,Null,Null,Null,Null,Null,Null
2014-05-24 23:59:41,26.425,-1.0195443,26.425,5.5977279,26.706,39.794725,26.706,-4.0836349,26.465,30.0,26.425,-0.1593834,26.425,0.5777634,26.425,-0.0507832,26.425,-0.078128,26.666,1.870635,26.425,-16.07345531540688,26.546,8553.0,26.546,2635.0,22.249,0.0,25.742,0.0,Null,Null,Null,Null,Null,Null,Null
2014-05-24 23:59:41,26.787,-1.0898576999999998,26.787,5.7774177,27.068,39.7947244,27.068,-4.0836321,26.988,30.0,26.787,-0.1693432,26.787,0.5877251,26.787,-0.0527364,26.787,0.0253916,26.666,1.870635,26.787,-16.07345531540688,27.068,8601.0,27.068,2565.0,26.747,0.0,26.747,0.0,Null,Null,Null,Null,Null,Null,Null
2014-05-24 23:59:41,27.108,-1.1367333,27.108,6.027420899999999,27.389,39.7947239,27.389,-4.083629999999999,27.229,30.0,27.108,-0.1693432,27.108,0.5877251,27.108,-0.0312512,27.108,0.0068362,27.148,1.882729,27.108,-17.85024719120992,27.068,8601.0,27.068,2565.0,26.747,0.0,26.747,0.0,Null,Null,Null,Null,Null,Null,Null
2014-05-24 23:59:41,27.47,-1.2070466999999998,27.47,6.207110699999999,27.751,39.7947232,27.751,-4.0836272,27.711,30.0,27.47,-0.1892666,27.47,0.5877251,27.47,-0.011719199999999999,27.47,-0.0615258,27.63,1.895101,27.47,-17.85024719120992,27.55,8644.0,27.55,2501.0,26.747,0.0,27.751,0.0,Null,Null,Null,Null,Null,Null,Null
2014-05-24 23:59:41,27.831,-1.2695474999999998,27.831,6.449301299999999,28.112,39.7947227,28.112,-4.083625,27.952,30.0,27.831,-0.1892666,27.831,0.5877251,27.831,-0.0615258,27.831,0.0263682,27.63,1.895101,27.831,-18.725739975715594,28.032,8682.0,28.032,2443.0,26.747,0.0,27.751,0.0,Null,Null,Null,Null,Null,Null,Null
2014-05-24 23:59:41,28.152,-1.3476735,28.152,6.6368037,28.434,39.794722,28.434,-4.0836222,28.232,30.0,28.152,-0.1992283,28.152,0.5877251,28.152,0.0185554,28.152,0.0400406,28.152,1.907726,28.152,-18.43489418125232,28.032,8682.0,28.032,2443.0,26.747,0.0,27.751,0.0,Null,Null,Null,Null,Null,Null,Null
2014-05-24 23:59:41,28.514,-1.3984553999999998,28.514,6.8672754,28.795,39.7947214,28.795,-4.08362,28.714,30.0,28.514,-0.1992283,28.514,0.5976868,28.514,-0.0185554,28.514,-0.0322278,28.634,1.92058,28.514,-18.996614769393553,28.554,8716.0,28.554,2391.0,26.747,0.0,28.754,0.0,Null,Null,Null,Null,Null,Null,Null
2014-05-24 23:59:41,28.875,-1.4883003,28.875,7.0586841,29.156,39.7947206,29.156,-4.0836172,28.955,30.0,28.875,-0.20919000000000001,28.875,0.6076485,28.875,-0.0156256,28.875,0.0761748,29.155,1.93364,28.875,-19.832111657997192,29.036,8745.0,29.036,2346.0,26.747,0.0,28.754,0.0,Null,Null,Null,Null,Null,Null,Null
2014-05-24 23:59:41,29.236,-1.5468947999999998,29.236,7.296968399999999,29.516,39.79472,29.516,-4.083615,29.476,30.0,29.236,-0.2191517,29.236,0.6076485,29.236,-0.0058595999999999995,29.236,0.0107426,29.155,1.93364,29.236,-19.832111657997192,29.036,8745.0,29.036,2346.0,26.747,0.0,28.754,0.0,Null,Null,Null,Null,Null,Null,Null
2014-05-24 23:59:41,29.557,-1.6367397,29.557,7.488377099999999,29.838,39.7947193,29.838,-4.0836122,29.717,30.0,29.557,-0.2191517,29.557,0.6076485,29.557,-0.0664088,29.557,-0.0693386,29.637,1.946883,29.557,-19.832111657997192,29.557,8771.0,29.557,2306.0,26.747,0.0,29.758,0.0,Null,Null,Null,Null,Null,Null,Null
2014-05-24 23:59:41,29.918,-1.6992405,29.918,7.726661399999999,30.199,39.794718599999996,30.199,-4.0836101,29.958,30.0,29.918,-0.2191517,29.918,0.6076485,29.918,-0.0205086,29.918,-0.0410172,30.159,1.96029,29.918,-21.80144088959339,30.039,8792.0,30.039,2271.0,26.747,0.0,29.758,0.0,Null,Null,Null,Null,Null,Null,Null
2014-05-24 23:59:41,30.28,-1.7968979999999999,30.28,7.9063512,30.561,39.7947178,30.561,-4.083607199999999,30.48,30.0,30.28,-0.2390751,30.28,0.5976868,30.28,-0.0966834,30.28,-0.0126958,30.159,1.96029,30.28,-21.80144088959339,30.561,8810.0,30.561,2242.0,26.747,0.0,29.758,0.0,Null,Null,Null,Null,Null,Null,Null
2014-05-24 23:59:41,30.601,-1.8672114,30.601,8.148541799999999,30.881,39.7947171,30.881,-4.0836051,30.721,30.0,30.601,-0.2390751,30.601,0.5976868,30.601,-0.0312512,30.601,-0.0156256,30.64,1.973838,30.601,-22.619761484478897,30.561,8810.0,30.561,2242.0,26.747,0.0,30.761,0.0,Null,Null,Null,Null,Null,Null,Null
2014-05-24 23:59:41,30.961,-1.9687751999999998,30.961,8.339950499999999,31.243,39.794716199999996,31.243,-4.0836022,31.202,30.0,30.961,-0.2490349,30.961,0.5976868,30.961,-0.0185554,30.961,0.0214852,31.162,1.987508,30.961,-22.619761484478897,31.042,8825.0,31.042,2217.0,31.242,0.0,30.761,0.0,Null,Null,Null,Null,Null,Null,Null
2014-05-24 23:59:41,31.322,-2.0390886,31.322,8.578234799999999,31.604,39.794715499999995,31.604,-4.0836001,31.483,30.0,31.322,-0.2490349,31.322,0.5976868,31.322,0.0283214,31.322,-0.011719199999999999,31.162,1.987508,31.322,-22.619761484478897,31.564,8836.0,31.564,2198.0,31.242,0.0,30.761,0.0,Null,Null,Null,Null,Null,Null,Null
2014-05-24 23:59:41,31.684,-2.1367461,31.684,8.769643499999999,31.964,39.7947146,31.964,-4.0835972,31.724,30.0,31.684,-0.2490349,31.684,0.5976868,31.684,0.0859408,31.684,-0.0166022,31.644,2.001281,31.684,-24.22768473120066,31.564,8836.0,31.564,2198.0,31.242,0.0,31.764,0.0,Null,Null,Null,Null,Null,Null,Null
2014-05-24 23:59:41,32.005,-2.2187783999999997,32.005,9.0079278,32.286,39.7947139,32.286,-4.0835951,32.205,30.0,32.005,-0.2689583,32.005,0.5976868,32.005,0.0009766,32.005,0.0253916,32.165,2.015139,32.005,-24.22768473120066,32.045,8844.0,32.045,2183.0,31.242,0.0,31.764,0.0,Null,Null,Null,Null,Null,Null,Null
2014-05-24 23:59:41,32.366,-2.3281547999999996,32.366,9.1876176,32.647,39.7947129,32.647,-4.083592299999999,32.486,30.0,32.366,-0.2689583,32.366,0.5976868,32.366,0.1357474,32.366,0.0517598,32.647,2.029066,32.366,-25.3878755431345,32.567,8850.0,32.567,2172.0,31.242,0.0,31.764,0.0,Null,Null,Null,Null,Null,Null,Null
2014-05-24 23:59:41,32.728,-2.4179996999999998,32.728,9.4298082,33.009,39.7947122,33.009,-4.0835902,32.969,30.0,32.728,-0.27892,32.728,0.5877251,32.728,0.0312512,32.728,0.058596,32.647,2.029066,32.728,-25.3878755431345,32.567,8850.0,32.567,2172.0,31.242,0.0,32.768,0.0,Null,Null,Null,Null,Null,Null,Null
2014-05-24 23:59:41,33.089,-2.5195635,33.089,9.609497999999999,33.37,39.7947111,33.37,-4.0835874,33.209,30.0,33.089,-0.27892,33.089,0.5877251,33.089,-0.0800812,33.089,-0.078128,33.169,2.043044,33.089,-26.175279867612666,33.049,8852.0,33.049,2166.0,31.242,0.0,32.768,0.0,Null,Null,Null,Null,Null,Null,Null
2014-05-24 23:59:41,33.41,-2.6094084,33.41,9.847782299999999,33.691,39.7947103,33.691,-4.0835853,33.49,30.0,33.41,-0.2888817,33.41,0.5877251,33.41,-0.0205086,33.41,-0.0859408,33.65,2.057059,33.41,-26.175279867612666,33.571,8852.0,33.571,2163.0,31.242,0.0,32.768,0.0,Null,Null,Null,Null,Null,Null,Null
2014-05-24 23:59:41,33.772,-2.7265973999999997,33.772,10.027472099999999,34.053,39.7947092,34.053,-4.0835824999999994,33.972,30.0,33.772,-0.2888817,33.772,0.5877251,33.772,-0.029298,33.772,0.0419938,33.65,2.057059,33.772,-27.34989628351833,34.052,8850.0,34.052,2164.0,31.242,0.0,33.732,0.0,Null,Null,Null,Null,Null,Null,Null
2014-05-24 23:59:41,34.132,-2.8164423,34.132,10.2696627,34.413,39.7947084,34.413,-4.0835804,34.212,30.0,34.132,-0.2988434,34.132,0.5777634,34.132,0.0869174,34.132,-0.046876799999999996,34.133,2.071096,34.132,-27.34989628351833,34.052,8850.0,34.052,2164.0,31.242,0.0,33.732,0.0,Null,Null,Null,Null,Null,Null,Null
2014-05-24 23:59:41,34.453,-2.9375375999999997,34.453,10.4493525,34.735,39.7947073,34.735,-4.0835777,34.734,30.0,34.453,-0.2988434,34.453,0.5777634,34.453,-0.019532,34.453,-0.0361342,34.654,2.085142,34.453,-28.886641539018772,34.537,8846.0,34.537,2168.0,31.242,0.0,34.734,0.0,Null,Null,Null,Null,Null,Null,Null
2014-05-24 23:59:41,34.815,-3.0391014,34.815,10.679824199999999,35.095,39.7947065,35.095,-4.0835756,34.975,30.0,34.815,-0.3187668,34.815,0.5777634,34.815,0.014649,34.815,0.0205086,34.654,2.085142,34.815,-29.310078681833012,35.056,8839.0,35.056,2176.0,31.242,0.0,34.734,0.0,Null,Null,Null,Null,Null,Null,Null
2014-05-24 23:59:41,35.176,-3.1562903999999996,35.176,10.847795099999999,35.457,39.7947053,35.457,-4.0835729,35.457,30.0,35.176,-0.3187668,35.176,0.5678017,35.176,-0.0566428,35.176,-0.011719199999999999,35.136,2.099184,35.176,-29.310078681833012,35.056,8839.0,35.056,2176.0,31.242,0.0,34.734,0.0,Null,Null,Null,Null,Null,Null,Null
2014-05-24 23:59:41,35.538,-3.2578541999999997,35.538,11.0899857,35.818,39.7947044,35.818,-4.0835709,35.738,30.0,35.538,-0.3187668,35.538,0.5678017,35.538,0.0839876,35.538,-0.0410172,35.657,2.113209,35.538,-30.068529918365538,35.538,8830.0,35.538,2187.0,35.738,0.0,35.738,0.0,Null,Null,Null,Null,Null,Null,Null
2014-05-24 23:59:41,35.858,-3.3867621,35.858,11.250143999999999,36.139,39.7947032,36.139,-4.0835682,35.978,30.0,35.858,-0.3287266,35.858,0.5678017,35.858,0.0058595999999999995,35.858,0.0126958,36.139,2.127206,35.858,-30.510110663384275,36.059,8820.0,36.059,2200.0,35.738,0.0,35.738,0.0,Null,Null,Null,Null,Null,Null,Null
2014-05-24 23:59:41,36.22,-3.4883258999999995,36.22,11.488428299999999,36.501,39.7947023,36.501,-4.0835662,36.46,30.0,36.22,-0.3287266,36.22,0.5578419,36.22,0.0332044,36.22,0.058596,36.139,2.127206,36.22,-31.26362475363417,36.059,8820.0,36.059,2200.0,35.738,0.0,35.738,0.0,Null,Null,Null,Null,Null,Null,Null
2014-05-24 23:59:41,36.581,-3.6172337999999997,36.581,11.6485866,36.862,39.7947011,36.862,-4.0835634999999995,36.702,30.0,36.581,-0.3386883,36.581,0.5578419,36.581,0.009766,36.581,0.0,36.661,2.141166,36.581,-32.47111514971535,36.541,8808.0,36.541,2216.0,35.738,0.0,36.742,0.0,Null,Null,Null,Null,Null,Null,Null
2014-05-24 23:59:41,36.902,-3.7266101999999997,36.902,11.879058299999999,37.184,39.7947001,37.184,-4.0835615,36.983,30.0,36.902,-0.34865,36.902,0.5478802,36.902,0.1328176,36.902,0.0078128,37.144,2.155078,36.902,-32.47111514971535,37.063,8794.0,37.063,2235.0,35.738,0.0,36.742,0.0,Null,Null,Null,Null,Null,Null,Null
2014-05-24 23:59:41,37.265,-3.8594243999999995,37.265,12.047029199999999,37.546,39.7946989,37.546,-4.0835589,37.465,30.0,37.265,-0.34865,37.265,0.5478802,37.265,0.034181,37.265,-0.04883,37.144,2.155078,37.265,-32.94914914019042,37.546,8779.0,37.546,2256.0,35.738,0.0,36.742,0.0,Null,Null,Null,Null,Null,Null,Null
2014-05-24 23:59:41,37.626,-3.9688008,37.626,12.269688299999999,37.907,39.794697899999996,37.907,-4.083557,37.706,30.0,37.626,-0.34865,37.626,0.5379185,37.626,-0.0380874,37.626,-0.0156256,37.665,2.168932,37.626,-32.94914914019042,37.546,8779.0,37.546,2256.0,35.738,0.0,37.746,0.0,Null,Null,Null,Null,Null,Null,Null
2014-05-24 23:59:41,37.987,-4.1172401999999995,37.987,12.437659199999999,38.269,39.7946966,38.269,-4.0835544,38.229,30.0,37.987,-0.34865,37.987,0.5379185,37.987,0.1005898,37.987,-0.0185554,38.147,2.182721,37.987,-34.418336425009414,38.067,8762.0,38.067,2278.0,35.738,0.0,37.746,0.0,Null,Null,Null,Null,Null,Null,Null
2014-05-24 23:59:41,38.309,-4.2188039999999996,38.309,12.656412,38.59,39.7946956,38.59,-4.0835525,38.47,30.0,38.309,-0.3685734,38.309,0.5379185,38.309,-0.019532,38.309,-0.0166022,38.147,2.182721,38.309,-34.91938631835055,38.55,8744.0,38.55,2303.0,35.738,0.0,37.746,0.0,Null,Null,Null,Null,Null,Null,Null
2014-05-24 23:59:41,38.67,-4.3672433999999996,38.67,12.816570299999999,38.952,39.794694299999996,38.952,-4.08355,38.952,30.0,38.67,-0.3685734,38.67,0.5279568,38.67,-0.024415,38.67,0.0029297999999999998,38.63,2.196436,38.67,-34.91938631835055,38.55,8744.0,38.55,2303.0,35.738,0.0,38.751,0.0,Null,Null,Null,Null,Null,Null,Null
2014-05-24 23:59:41,39.032,-4.4766198,39.032,13.027510499999998,39.313,39.7946932,39.313,-4.0835481,39.232,30.0,39.032,-0.3685734,39.032,0.5279568,39.032,0.0361342,39.032,0.014649,39.152,2.21007,39.032,-36.15820124742298,39.033,8724.0,39.033,2330.0,35.738,0.0,38.751,0.0,Null,Null,Null,Null,Null,Null,Null
2014-05-24 23:59:41,39.353,-4.6289655,39.353,13.187668799999999,39.634,39.7946919,39.634,-4.0835456,39.473,30.0,39.353,-0.3785351,39.353,0.5179951,39.353,-0.0410172,39.353,0.0156256,39.634,2.223616,39.353,-36.15820124742298,39.554,8704.0,39.554,2358.0,35.738,0.0,38.751,0.0,Null,Null,Null,Null,Null,Null,Null
2014-05-24 23:59:41,39.715,-4.7500608,39.715,13.398608999999999,39.996,39.7946908,39.996,-4.0835437,39.955,30.0,39.715,-0.3785351,39.715,0.5179951,39.715,0.0087894,39.715,0.122075,39.634,2.223616,39.715,-36.68975255106136,39.554,8704.0,39.554,2358.0,35.738,0.0,39.755,0.0,Null,Null,Null,Null,Null,Null,Null
2014-05-24 23:59:41,40.076,-4.8985002,40.076,13.5587673,40.357,39.794689399999996,40.357,-4.083541299999999,40.236,30.0,40.076,-0.3785351,40.076,0.5080334,40.076,0.0371108,40.076,0.0166022,40.156,2.237067,40.076,-37.40540435338095,40.036,8683.0,40.036,2388.0,40.236,0.0,39.755,0.0,Null,Null,Null,Null,Null,Null,Null
2014-05-24 23:59:41,40.437,-5.019595499999999,40.437,13.769707499999999,40.718,39.7946884,40.718,-4.0835395,40.718,30.0,40.437,-0.38849680000000003,40.437,0.5080334,40.437,0.009766,40.437,-0.1386772,40.638,2.250417,40.437,-37.95429338488292,40.558,8660.0,40.558,2420.0,40.236,0.0,39.755,0.0,Null,Null,Null,Null,Null,Null,Null
2014-05-24 23:59:41,40.759,-5.168034899999999,40.759,13.918146899999998,41.04,39.794686999999996,41.04,-4.0835371,40.959,30.0,40.759,-0.38849680000000003,40.759,0.4980717,40.759,-0.0546896,40.759,0.0312512,40.638,2.250417,40.759,-38.65988821749613,41.039,8637.0,41.039,2453.0,40.236,0.0,40.758,0.0,Null,Null,Null,Null,Null,Null,Null
2014-05-24 23:59:41,41.119,-5.2891302,41.119,14.1173682,41.401,39.7946859,41.401,-4.083535299999999,41.24,30.0,41.119,-0.3984585,41.119,0.4980717,41.119,-0.073245,41.119,0.0039064,41.159,2.263662,41.119,-39.225769696371984,41.039,8637.0,41.039,2453.0,40.236,0.0,40.758,0.0,Null,Null,Null,Null,Null,Null,Null
2014-05-24 23:59:41,41.481,-5.4492885,41.481,14.2697139,41.762,39.7946844,41.762,-4.083533,41.722,30.0,41.481,-0.3984585,41.481,0.48811,41.481,0.0517598,41.481,-0.0156256,41.641,2.276794,41.481,-40.50273320592493,41.562,8612.0,41.562,2486.0,40.236,0.0,41.762,0.0,Null,Null,Null,Null,Null,Null,Null
2014-05-24 23:59:41,41.802,-5.5664774999999995,41.802,14.468935199999999,42.083,39.794683299999996,42.083,-4.0835311999999995,41.963,30.0,41.802,-0.4084183,41.802,0.4781502,41.802,-0.0429704,41.802,0.1347708,41.641,2.276794,41.802,-40.50273320592493,42.044,8587.0,42.044,2521.0,40.236,0.0,41.762,0.0,Null,Null,Null,Null,Null,Null,Null
2014-05-24 23:59:41,42.164,-5.7266357999999995,42.164,14.6173746,42.445,39.7946818,42.445,-4.0835289,42.204,30.0,42.164,-0.4084183,42.164,0.4781502,42.164,0.0068362,42.164,-0.0029297999999999998,42.163,2.289812,42.164,-41.099405121351595,42.044,8587.0,42.044,2521.0,40.236,0.0,41.762,0.0,Null,Null,Null,Null,Null,Null,Null
2014-05-24 23:59:41,42.525,-5.85945,42.525,14.8165959,42.806,39.7946807,42.806,-4.0835272,42.726,30.0,42.525,-0.4084183,42.525,0.4681885,42.525,-0.019532,42.525,0.009766,42.645,2.302709,42.525,-40.50273320592493,42.565,8562.0,42.565,2557.0,40.236,0.0,42.766,0.0,Null,Null,Null,Null,Null,Null,Null
2014-05-24 23:59:41,42.886,-6.027420899999999,42.886,14.9494101,43.167,39.7946792,43.167,-4.083525,42.966,30.0,42.886,-0.4084183,42.886,0.4781502,42.886,-0.0126958,42.886,-0.0175788,43.167,2.315482,42.886,-41.78443348874988,43.047,8535.0,43.047,2594.0,40.236,0.0,42.766,0.0,Null,Null,Null,Null,Null,Null,Null
2014-05-24 23:59:41,43.207,-6.1485161999999995,43.207,15.1486314,43.488,39.7946781,43.488,-4.0835232999999995,43.488,30.0,43.207,-0.41838000000000003,43.207,0.4681885,43.207,0.0361342,43.207,0.0263682,43.167,2.315482,43.207,-41.78443348874988,43.047,8535.0,43.047,2594.0,40.236,0.0,42.766,0.0,Null,Null,Null,Null,Null,Null,Null
2014-05-24 23:59:41,43.569,-6.3164871,43.569,15.289258199999999,43.849,39.794676599999995,43.849,-4.0835211,43.729,30.0,43.569,-0.41838000000000003,43.569,0.4681885,43.569,-0.0126958,43.569,-0.0058595999999999995,43.648,2.328127,43.569,-42.397370199544355,43.569,8508.0,43.569,2632.0,40.236,0.0,43.769,0.0,Null,Null,Null,Null,Null,Null,Null
2014-05-24 23:59:41,43.929,-6.449301299999999,43.929,15.476760599999999,44.21,39.794675399999996,44.21,-4.0835194999999995,43.969,30.0,43.929,-0.41838000000000003,43.929,0.4582268,43.929,0.0498066,43.929,-0.1005898,44.17,2.340642,43.929,-42.397370199544355,44.05,8481.0,44.05,2670.0,40.236,0.0,43.769,0.0,Null,Null,Null,Null,Null,Null,Null
2014-05-24 23:59:41,44.251,-6.6172721999999995,44.251,15.609574799999999,44.532,39.7946739,44.532,-4.0835173,44.451,30.0,44.251,-0.41838000000000003,44.251,0.4582268,44.251,-0.023438399999999998,44.251,0.0185554,44.17,2.340642,44.251,-43.69801347609444,44.532,8453.0,44.532,2709.0,40.236,0.0,43.769,0.0,Null,Null,Null,Null,Null,Null,Null
2014-05-24 23:59:41,44.611,-6.7500864,44.611,15.797077199999999,44.892,39.7946727,44.892,-4.0835156999999995,44.732,30.0,44.611,-0.4283417,44.611,0.4482651,44.611,0.053713,44.611,0.0419938,44.652,2.353023,44.611,-43.69801347609444,44.532,8453.0,44.532,2709.0,44.732,0.0,44.733,0.0,Null,Null,Null,Null,Null,Null,Null
2014-05-24 23:59:41,44.973,-6.918057299999999,44.973,15.929891399999999,45.254,39.794671099999995,45.254,-4.0835136,45.213,30.0,44.973,-0.4283417,44.973,0.4482651,44.973,-0.078128,44.973,0.014649,45.133,2.365268,44.973,-45.0,45.053,8424.0,45.053,2749.0,44.732,0.0,44.733,0.0,Null,Null,Null,Null,Null,Null,Null
2014-05-24 23:59:41,45.334,-7.0469652,45.334,16.109581199999997,45.615,39.794669999999996,45.615,-4.0835121,45.454,30.0,45.334,-0.4383034,45.334,0.4383034,45.334,0.0087894,45.334,-0.0068362,45.133,2.365268,45.334,-45.0,45.535,8396.0,45.535,2788.0,44.732,0.0,44.733,0.0,Null,Null,Null,Null,Null,Null,Null
2014-05-24 23:59:41,45.655,-7.226654999999999,45.655,16.2384891,45.936,39.7946684,45.936,-4.0835099999999995,45.735,30.0,45.655,-0.4383034,45.655,0.4383034,45.655,-0.0205086,45.655,0.0253916,45.655,2.377373,45.655,-45.65856050122016,45.535,8396.0,45.535,2788.0,44.732,0.0,45.735,0.0,Null,Null,Null,Null,Null,Null,Null
2014-05-24 23:59:41,46.016,-7.3594691999999995,46.016,16.418178899999997,46.297,39.7946672,46.297,-4.0835085,46.217,30.0,46.016,-0.4383034,46.016,0.4283417,46.016,0.058596,46.016,0.0029297999999999998,46.136,2.389338,46.016,-46.30198652390557,46.056,8366.0,46.056,2829.0,44.732,0.0,45.735,0.0,Null,Null,Null,Null,Null,Null,Null
2014-05-24 23:59:41,46.377,-7.5274401,46.377,16.5470868,46.658,39.794665599999995,46.658,-4.0835064,46.457,30.0,46.377,-0.4482651,46.377,0.4283417,46.377,0.1044962,46.377,0.0449236,46.658,2.40116,46.377,-46.97498592698509,46.539,8337.0,46.539,2869.0,44.732,0.0,45.735,0.0,Null,Null,Null,Null,Null,Null,Null
2014-05-24 23:59:41,46.739,-7.6563479999999995,46.739,16.718964,47.02,39.794664399999995,47.02,-4.083505,46.979,30.0,46.739,-0.4482651,46.739,0.41838000000000003,46.739,-0.0126958,46.739,-0.0517598,46.658,2.40116,46.739,-47.663071537849746,46.539,8337.0,46.539,2869.0,44.732,0.0,46.739,0.0,Null,Null,Null,Null,Null,Null,Null
2014-05-24 23:59:41,47.06,-7.839944099999999,47.06,16.8400593,47.34,39.7946628,47.34,-4.083502999999999,47.22,30.0,47.06,-0.4482651,47.06,0.4084183,47.06,-0.0380874,47.06,-0.0771514,47.14,2.412838,47.06,-47.663071537849746,47.06,8307.0,47.06,2910.0,44.732,0.0,46.739,0.0,Null,Null,Null,Null,Null,Null,Null
2014-05-24 23:59:41,47.42,-7.976664599999999,47.42,17.0080302,47.702,39.7946615,47.702,-4.0835016,47.702,30.0,47.42,-0.4482651,47.42,0.4084183,47.42,-0.0009766,47.42,-0.0039064,47.661,2.42437,47.42,-48.36641544278374,47.541,8277.0,47.541,2952.0,44.732,0.0,46.739,0.0,Null,Null,Null,Null,Null,Null,Null
2014-05-24 23:59:41,47.782,-8.1563544,47.782,17.129125499999997,48.063,39.7946599,48.063,-4.0834996,47.983,30.0,47.782,-0.4482651,47.782,0.3984585,47.782,-0.0703152,47.782,-0.0351576,47.661,2.42437,47.782,-48.36641544278374,48.063,8247.0,48.063,2993.0,44.732,0.0,47.742,0.0,Null,Null,Null,Null,Null,Null,Null
2014-05-24 23:59:41,48.103,-8.2891686,48.103,17.2892838,48.384,39.7946587,48.384,-4.0834982,48.223,30.0,48.103,-0.4482651,48.103,0.3984585,48.103,-0.0332044,48.103,-0.0449236,48.143,2.435754,48.103,-49.08558904310716,48.063,8247.0,48.063,2993.0,44.732,0.0,47.742,0.0,Null,Null,Null,Null,Null,Null,Null
2014-05-24 23:59:41,48.464,-8.476671,48.464,17.4064728,48.745,39.794657,48.745,-4.0834963,48.705,30.0,48.464,-0.4482651,48.464,0.38849680000000003,48.464,0.0,48.464,-0.0029297999999999998,48.664,2.446992,48.464,-49.70784022532083,48.545,8216.0,48.545,3034.0,44.732,0.0,48.744,0.0,Null,Null,Null,Null,Null,Null,Null
2014-05-24 23:59:41,48.825,-8.6094852,48.825,17.558818499999997,49.106,39.7946558,49.106,-4.0834949,48.985,30.0,48.825,-0.4582268,48.825,0.38849680000000003,48.825,-0.0058595999999999995,48.825,0.0205086,48.664,2.446992,48.825,-50.44033817051415,49.066,8186.0,49.066,3076.0,44.732,0.0,48.744,0.0,Null,Null,Null,Null,Null,Null,Null
2014-05-24 23:59:41,49.186,-8.7969876,49.186,17.6877264,49.467,39.794654099999995,49.467,-4.0834931999999995,49.467,30.0,49.186,-0.4582268,49.186,0.3785351,49.186,-0.0058595999999999995,49.186,-0.0068362,49.146,2.45808,49.186,-50.44033817051415,49.066,8186.0,49.066,3076.0,49.266,0.0,48.744,0.0,Null,Null,Null,Null,Null,Null,Null
2014-05-24 23:59:41,49.507,-8.9298018,49.507,17.840072099999997,49.788,39.794652899999996,49.788,-4.0834918,49.708,30.0,49.507,-0.4582268,49.507,0.3785351,49.507,-0.0078128,49.507,0.034181,49.667,2.46902,49.507,-51.188641049791435,49.547,8155.0,49.547,3117.0,49.266,0.0,49.748,0.0,Null,Null,Null,Null,Null,Null,Null
2014-05-24 23:59:41,49.868,-9.1173042,49.868,17.9494485,50.149,39.7946512,50.149,-4.083489999999999,49.989,30.0,49.868,-0.4582268,49.868,0.3685734,49.868,-0.0986366,49.868,0.0507832,50.149,2.47981,49.868,-51.188641049791435,50.069,8125.0,50.069,3159.0,49.266,0.0,49.748,0.0,Null,Null,Null,Null,Null,Null,Null
2014-05-24 23:59:41,50.23,-9.257931,50.23,18.0978879,50.511,39.79465,50.511,-4.0834887,50.47,30.0,50.23,-0.4582268,50.23,0.3685734,50.23,0.0253916,50.23,0.011719199999999999,50.149,2.47981,50.23,-51.188641049791435,50.069,8125.0,50.069,3159.0,49.266,0.0,49.748,0.0,Null,Null,Null,Null,Null,Null,Null
2014-05-24 23:59:41,50.552,-9.4493397,50.552,18.2189832,50.832,39.7946483,50.832,-4.0834869,50.712,30.0,50.552,-0.4582268,50.552,0.3685734,50.552,-0.0380874,50.552,0.0498066,50.631,2.490449,50.552,-51.953002308922926,50.551,8094.0,50.551,3200.0,49.266,0.0,50.752,0.0,Null,Null,Null,Null,Null,Null,Null
2014-05-24 23:59:41,50.912,-9.5899665,50.912,18.35961,51.192,39.7946471,51.192,-4.0834857,50.952,30.0,50.912,-0.4582268,50.912,0.3586117,50.912,-0.0214852,50.912,-0.0214852,51.153,2.500939,50.912,-51.953002308922926,51.033,8063.0,51.033,3241.0,49.266,0.0,50.752,0.0,Null,Null,Null,Null,Null,Null,Null
2014-05-24 23:59:41,51.273,-9.7696563,51.273,18.457267499999997,51.555,39.7946454,51.555,-4.0834839999999994,51.474,30.0,51.273,-0.4582268,51.273,0.3586117,51.273,0.0361342,51.273,0.0283214,51.153,2.500939,51.273,-53.325729890196335,51.554,8032.0,51.554,3282.0,49.266,0.0,50.752,0.0,Null,Null,Null,Null,Null,Null,Null
2014-05-24 23:59:41,51.634,-9.906376799999999,51.634,18.6096132,51.915,39.7946441,51.915,-4.0834828,51.714,30.0,51.634,-0.4681885,51.634,0.34865,51.634,0.0996132,51.634,0.059572599999999996,51.634,2.511279,51.634,-53.325729890196335,51.554,8032.0,51.554,3282.0,49.266,0.0,51.755,0.0,Null,Null,Null,Null,Null,Null,Null
2014-05-24 23:59:41,51.956,-10.097785499999999,51.956,18.718989599999997,52.236,39.7946424,52.236,-4.0834811,52.236,30.0,51.956,-0.4681885,51.956,0.34865,51.956,-0.0371108,51.956,0.0126958,52.156,2.521468,51.956,-54.117963430856236,52.036,8002.0,52.036,3323.0,49.266,0.0,51.755,0.0,Null,Null,Null,Null,Null,Null,Null
2014-05-24 23:59:41,52.316,-10.238412299999998,52.316,18.8478975,52.598,39.7946411,52.598,-4.0834798999999995,52.477,30.0,52.316,-0.4681885,52.316,0.3386883,52.316,-0.0009766,52.316,-0.0156256,52.156,2.521468,52.316,-54.117963430856236,52.561,7971.0,52.561,3364.0,49.266,0.0,51.755,0.0,Null,Null,Null,Null,Null,Null,Null
2014-05-24 23:59:41,52.678,-10.429820999999999,52.678,18.957273899999997,52.959,39.7946394,52.959,-4.0834782999999995,52.959,30.0,52.678,-0.4681885,52.678,0.3386883,52.678,-0.0419938,52.678,0.0380874,52.638,2.531508,52.678,-54.92636811077454,52.561,7971.0,52.561,3364.0,49.266,0.0,52.758,0.0,Null,Null,Null,Null,Null,Null,Null
2014-05-24 23:59:41,53.039,-10.5782604,53.039,19.0900881,53.281,39.7946382,53.281,-4.0834771,53.24,30.0,53.039,-0.4681885,53.039,0.3287266,53.039,-0.0351576,53.039,0.0556662,53.16,2.541399,53.039,-54.92636811077454,53.04,7940.0,53.04,3404.0,49.266,0.0,52.758,0.0,Null,Null,Null,Null,Null,Null,Null
2014-05-24 23:59:41,53.36,-10.7579502,53.36,19.1877456,53.641,39.7946364,53.641,-4.0834755,53.481,30.0,53.36,-0.4681885,53.36,0.3287266,53.36,0.043947,53.36,0.0214852,53.641,2.55114,53.36,-54.92636811077454,53.562,7910.0,53.562,3445.0,49.266,0.0,52.758,0.0,Null,Null,Null,Null,Null,Null,Null
2014-05-24 23:59:41,53.722,-10.898577,53.722,19.316653499999997,54.003,39.7946351,54.003,-4.0834744,53.963,30.0,53.722,-0.4681885,53.722,0.3287266,53.722,-0.1250048,53.722,-0.0039064,53.641,2.55114,53.722,-55.75095347222686,53.562,7910.0,53.562,3445.0,53.762,0.0,53.762,0.0,Null,Null,Null,Null,Null,Null,Null
2014-05-24 23:59:41,54.083,-11.0977983,54.083,19.4299362,54.364,39.794633399999995,54.364,-4.0834728,54.204,30.0,54.083,-0.4681885,54.083,0.3187668,54.083,0.024415,54.083,0.0283214,54.163,2.560734,54.083,-55.75095347222686,54.043,7879.0,54.043,3484.0,53.762,0.0,53.762,0.0,Null,Null,Null,Null,Null,Null,Null
2014-05-24 23:59:41,54.404,-11.226706199999999,54.404,19.558844099999998,54.685,39.7946321,54.685,-4.0834717,54.484,30.0,54.404,-0.4681885,54.404,0.3187668,54.404,-0.0029297999999999998,54.404,0.0410172,54.645,2.570179,54.404,-56.59218230512988,54.565,7849.0,54.565,3524.0,53.762,0.0,53.762,0.0,Null,Null,Null,Null,Null,Null,Null
2014-05-24 23:59:41,54.766,-11.429833799999999,54.766,19.648688999999997,55.047,39.794630399999996,55.047,-4.0834702,54.966,30.0,54.766,-0.4681885,54.766,0.3088051,54.766,0.0312512,54.766,-0.1279346,54.645,2.570179,54.766,-56.59218230512988,55.047,7819.0,55.047,3563.0,53.762,0.0,54.766,0.0,Null,Null,Null,Null,Null,Null,Null
2014-05-24 23:59:41,55.127,-11.5782732,55.127,19.769784299999998,55.408,39.7946291,55.408,-4.083469099999999,55.207,30.0,55.127,-0.4681885,55.127,0.3088051,55.127,0.0068362,55.127,-0.004883,55.167,2.579478,55.127,-57.45002462828795,55.047,7819.0,55.047,3563.0,53.762,0.0,54.766,0.0,Null,Null,Null,Null,Null,Null,Null
2014-05-24 23:59:41,55.488,-11.757962999999998,55.488,19.867441799999998,55.769,39.794627399999996,55.769,-4.0834677,55.729,30.0,55.488,-0.4681885,55.488,0.2988434,55.488,-0.023438399999999998,55.488,-0.014649,55.648,2.588631,55.488,-57.45002462828795,55.569,7789.0,55.569,3602.0,53.762,0.0,55.769,0.0,Null,Null,Null,Null,Null,Null,Null
2014-05-24 23:59:41,55.809,-11.9064024,55.809,19.9885371,56.09,39.794626099999995,56.09,-4.0834665999999995,55.969,30.0,55.809,-0.4681885,55.809,0.2988434,55.809,0.0068362,55.809,-0.0302746,55.648,2.588631,55.809,-57.45002462828795,56.05,7759.0,56.05,3641.0,53.762,0.0,55.769,0.0,Null,Null,Null,Null,Null,Null,Null
2014-05-24 23:59:41,56.17,-12.0978111,56.17,20.0666631,56.451,39.794624299999995,56.451,-4.0834652,56.451,30.0,56.17,-0.4681885,56.17,0.2988434,56.17,0.046876799999999996,56.17,-0.0156256,56.17,2.597639,56.17,-58.86109010984641,56.05,7759.0,56.05,3641.0,53.762,0.0,55.769,0.0,Null,Null,Null,Null,Null,Null,Null
2014-05-24 23:59:41,56.531,-12.2501568,56.531,20.199477299999998,56.812,39.794623,56.812,-4.0834641,56.732,30.0,56.531,-0.4781502,56.531,0.2888817,56.531,0.0019532,56.531,-0.0449236,56.652,2.606503,56.531,-58.86109010984641,56.532,7730.0,56.532,3679.0,53.762,0.0,56.732,0.0,Null,Null,Null,Null,Null,Null,Null
2014-05-24 23:59:41,56.852,-12.437659199999999,56.852,20.289322199999997,57.133,39.794621299999996,57.133,-4.0834627999999995,56.973,30.0,56.852,-0.4781502,56.852,0.2888817,56.852,-0.0332044,56.852,-0.0185554,57.133,2.615225,56.852,-59.74364777162004,57.053,7700.0,57.053,3717.0,53.762,0.0,56.732,0.0,Null,Null,Null,Null,Null,Null,Null
2014-05-24 23:59:41,57.213,-12.578285999999999,57.213,20.3986986,57.494,39.794619999999995,57.494,-4.0834618,57.454,30.0,57.213,-0.4781502,57.213,0.27892,57.213,0.0673854,57.213,0.0175788,57.133,2.615225,57.213,-59.74364777162004,57.053,7700.0,57.053,3717.0,53.762,0.0,56.732,0.0,Null,Null,Null,Null,Null,Null,Null
2014-05-24 23:59:41,57.575,-12.7775073,57.575,20.4885435,57.856,39.794618299999996,57.856,-4.0834604,57.735,30.0,57.575,-0.4781502,57.575,0.27892,57.575,-0.0302746,57.575,-0.009766,57.655,2.623804,57.575,-59.74364777162004,57.535,7671.0,57.535,3754.0,53.762,0.0,57.735,0.0,Null,Null,Null,Null,Null,Null,Null
2014-05-24 23:59:41,57.936,-12.9181341,57.936,20.6096388,58.216,39.7946169,58.216,-4.0834594,57.976,30.0,57.936,-0.4781502,57.936,0.27892,57.936,0.0546896,57.936,0.0332044,58.136,2.632244,57.936,-60.64235455141933,58.056,7642.0,58.056,3791.0,53.762,0.0,57.735,0.0,Null,Null,Null,Null,Null,Null,Null
2014-05-24 23:59:41,58.257,-13.1095428,58.257,20.6799522,58.539,39.794615199999996,58.539,-4.0834581,58.457,30.0,58.257,-0.4781502,58.257,0.2689583,58.257,-0.0166022,58.257,0.0419938,58.136,2.632244,58.257,-60.64235455141933,58.538,7613.0,58.538,3827.0,58.256,0.0,57.735,0.0,Null,Null,Null,Null,Null,Null,Null
2014-05-24 23:59:41,58.617,-13.257982199999999,58.617,20.789328599999997,58.899,39.7946139,58.899,-4.0834570999999995,58.738,30.0,58.617,-0.4781502,58.617,0.2689583,58.617,-0.1142622,58.617,-0.0068362,58.658,2.640544,58.617,-60.64235455141933,58.538,7613.0,58.538,3827.0,58.256,0.0,58.738,0.0,Null,Null,Null,Null,Null,Null,Null
2014-05-24 23:59:41,58.979,-13.4493909,58.979,20.879173499999997,59.26,39.794612099999995,59.26,-4.0834559,59.219,30.0,58.979,-0.4781502,58.979,0.2689583,58.979,-0.0166022,58.979,-0.0058595999999999995,59.139,2.648706,58.979,-61.557203395691154,59.059,7585.0,59.059,3863.0,58.256,0.0,58.738,0.0,Null,Null,Null,Null,Null,Null,Null
2014-05-24 23:59:41,59.34,-13.597830299999998,59.34,20.9885499,59.58,39.7946108,59.58,-4.0834548999999996,59.46,30.0,59.34,-0.4781502,59.34,0.2589966,59.34,-0.023438399999999998,59.34,0.0449236,59.139,2.648706,59.34,-61.557203395691154,59.541,7557.0,59.541,3899.0,58.256,0.0,58.738,0.0,Null,Null,Null,Null,Null,Null,Null
2014-05-24 23:59:41,59.661,-13.789238999999998,59.661,21.0588633,59.942,39.794609099999995,59.942,-4.0834537,59.701,30.0,59.661,-0.4781502,59.661,0.2589966,59.661,0.11914519999999999,59.661,-0.039064,59.661,2.656732,59.661,-61.557203395691154,59.541,7557.0,59.541,3899.0,58.256,0.0,59.741,0.0,Null,Null,Null,Null,Null,Null,Null
2014-05-24 23:59:41,60.022,-13.9376784,60.022,21.168239699999997,60.303,39.7946078,60.303,-4.0834527,60.222,30.0,60.022,-0.4781502,60.022,0.2589966,60.022,-0.004883,60.022,-0.1181686,60.142,2.664622,60.022,-62.48815408144175,60.062,7529.0,60.062,3934.0,58.256,0.0,59.741,0.0,Null,Null,Null,Null,Null,Null,Null
2014-05-24 23:59:41,60.383,-14.136899699999999,60.383,21.250272,60.664,39.794606,60.664,-4.0834515,60.463,30.0,60.383,-0.4781502,60.383,0.2490349,60.383,-0.011719199999999999,60.383,-0.0273448,60.664,2.672379,60.383,-62.48815408144175,60.544,7501.0,60.544,3968.0,58.256,0.0,59.741,0.0,Null,Null,Null,Null,Null,Null,Null
2014-05-24 23:59:41,60.704,-14.277526499999999,60.704,21.3479295,60.985,39.7946047,60.985,-4.0834506,60.985,30.0,60.704,-0.4781502,60.704,0.2490349,60.704,0.0214852,60.704,-0.063479,60.664,2.672379,60.704,-62.48815408144175,60.544,7501.0,60.544,3968.0,58.256,0.0,60.744,0.0,Null,Null,Null,Null,Null,Null,Null
2014-05-24 23:59:41,61.066,-14.476747799999998,61.066,21.429961799999997,61.346,39.7946029,61.346,-4.0834494999999995,61.226,30.0,61.066,-0.4781502,61.066,0.2490349,61.066,-0.039064,61.066,-0.0253916,61.146,2.680003,61.066,-63.43494882292201,61.066,7474.0,61.066,4003.0,58.256,0.0,60.744,0.0,Null,Null,Null,Null,Null,Null,Null
2014-05-24 23:59:41,61.427,-14.6173746,61.427,21.519806699999997,61.708,39.7946016,61.708,-4.0834486,61.708,30.0,61.427,-0.4781502,61.427,0.2390751,61.427,0.0009766,61.427,0.0087894,61.668,2.687497,61.427,-63.43494882292201,61.548,7447.0,61.548,4036.0,58.256,0.0,60.744,0.0,Null,Null,Null,Null,Null,Null,Null
2014-05-24 23:59:41,61.789,-14.8165959,61.789,21.5901201,62.072,39.7945998,62.072,-4.0834475,61.989,30.0,61.789,-0.4781502,61.789,0.2390751,61.789,0.0214852,61.789,0.0068362,61.668,2.687497,61.789,-63.43494882292201,62.072,7420.0,62.072,4069.0,58.256,0.0,61.748,0.0,Null,Null,Null,Null,Null,Null,Null
